"dataset","fold","method","noise_levels","instance_level","accuracy","kappa"
"iris","Fold_1","C5.0",0.1,1,0.266666666666667,-0.00763358778625951
"iris","Fold_1","C5.0",0.2,0.4,0.8,0.703947368421053
"iris","Fold_1","C5.0",0.3,0.1,0.966666666666667,0.949238578680203
"iris","Fold_1","C5.0",0.1,1,0.266666666666667,-0.00763358778625951
"iris","Fold_1","C5.0",0.2,1,0.266666666666667,-0.00763358778625951
"iris","Fold_1","C5.0",0.3,0.7,0.5,0.293563579277865
"iris","Fold_1","C5.0",0.1,1,0.266666666666667,-0.00763358778625951
"iris","Fold_1","C5.0",0.2,1,0.266666666666667,-0.00763358778625951
"iris","Fold_1","C5.0",0.3,0.9,0.366666666666667,0.121725731895223
"iris","Fold_1","ctree",0.1,1,0.333333333333333,-0.00166944908180302
"iris","Fold_1","ctree",0.2,0.6,0.5,0.242424242424242
"iris","Fold_1","ctree",0.3,0.2,0.833333333333333,0.748322147651007
"iris","Fold_1","ctree",0.1,1,0.333333333333333,-0.00166944908180302
"iris","Fold_1","ctree",0.2,1,0.233333333333333,-0.161616161616162
"iris","Fold_1","ctree",0.3,0.5,0.7,0.545454545454545
"iris","Fold_1","ctree",0.1,1,0.333333333333333,-0.00166944908180302
"iris","Fold_1","ctree",0.2,1,0.233333333333333,-0.161616161616162
"iris","Fold_1","ctree",0.3,0.9,0.533333333333333,0.289340101522843
"iris","Fold_1","fda",0.1,1,0.333333333333333,0
"iris","Fold_1","fda",0.2,1,0.333333333333333,0
"iris","Fold_1","fda",0.3,0.3,0.766666666666667,0.647058823529412
"iris","Fold_1","fda",0.1,1,0.333333333333333,0
"iris","Fold_1","fda",0.2,1,0.333333333333333,0
"iris","Fold_1","fda",0.3,1,0.333333333333333,0
"iris","Fold_1","fda",0.1,1,0.333333333333333,0
"iris","Fold_1","fda",0.2,1,0.333333333333333,0
"iris","Fold_1","fda",0.3,1,0.333333333333333,0
"iris","Fold_1","gbm",0.1,1,0.333333333333333,0
"iris","Fold_1","gbm",0.2,0.5,0.666666666666667,0.5
"iris","Fold_1","gbm",0.3,0.1,0.933333333333333,0.9
"iris","Fold_1","gbm",0.1,1,0.333333333333333,0
"iris","Fold_1","gbm",0.2,1,0.333333333333333,0
"iris","Fold_1","gbm",0.3,0.5,0.7,0.55
"iris","Fold_1","gbm",0.1,1,0.333333333333333,0
"iris","Fold_1","gbm",0.2,1,0.333333333333333,0
"iris","Fold_1","gbm",0.3,0.8,0.533333333333333,0.3
"iris","Fold_1","gcvEarth",0.1,1,0.266666666666667,-0.00763358778625951
"iris","Fold_1","gcvEarth",0.2,0.6,0.566666666666667,0.368932038834951
"iris","Fold_1","gcvEarth",0.3,0.4,0.7,0.55810147299509
"iris","Fold_1","gcvEarth",0.1,1,0.266666666666667,-0.00763358778625951
"iris","Fold_1","gcvEarth",0.2,1,0.266666666666667,-0.00763358778625951
"iris","Fold_1","gcvEarth",0.3,0.7,0.533333333333333,0.325842696629213
"iris","Fold_1","gcvEarth",0.1,1,0.266666666666667,-0.00763358778625951
"iris","Fold_1","gcvEarth",0.2,1,0.266666666666667,-0.00763358778625951
"iris","Fold_1","gcvEarth",0.3,0.9,0.366666666666667,0.114906832298137
"iris","Fold_1","JRip",0.1,1,0.333333333333333,0.00332225913621265
"iris","Fold_1","JRip",0.2,0.6,0.533333333333333,0.306930693069307
"iris","Fold_1","JRip",0.3,0.2,0.866666666666667,0.798657718120805
"iris","Fold_1","JRip",0.1,1,0.333333333333333,0.00332225913621265
"iris","Fold_1","JRip",0.2,1,0.233333333333333,-0.127450980392157
"iris","Fold_1","JRip",0.3,0.6,0.7,0.551495016611296
"iris","Fold_1","JRip",0.1,1,0.333333333333333,0.00332225913621265
"iris","Fold_1","JRip",0.2,1,0.233333333333333,-0.127450980392157
"iris","Fold_1","JRip",0.3,0.9,0.5,0.264705882352941
"iris","Fold_1","lvq",0.1,1,0.333333333333333,0
"iris","Fold_1","lvq",0.2,0.7,0.533333333333333,0.3
"iris","Fold_1","lvq",0.3,0.7,0.533333333333333,0.3
"iris","Fold_1","lvq",0.1,1,0.333333333333333,0
"iris","Fold_1","lvq",0.2,0.9,0.366666666666667,0.05
"iris","Fold_1","lvq",0.3,1,0.333333333333333,0
"iris","Fold_1","lvq",0.1,1,0.333333333333333,0
"iris","Fold_1","lvq",0.2,1,0.333333333333333,0
"iris","Fold_1","lvq",0.3,1,0.333333333333333,0
"iris","Fold_1","mlpML",0.1,1,0.333333333333333,0
"iris","Fold_1","mlpML",0.2,0.4,0.733333333333333,0.6
"iris","Fold_1","mlpML",0.3,0.2,0.833333333333333,0.75
"iris","Fold_1","mlpML",0.1,1,0.333333333333333,0
"iris","Fold_1","mlpML",0.2,1,0.333333333333333,0
"iris","Fold_1","mlpML",0.3,0.6,0.633333333333333,0.45
"iris","Fold_1","mlpML",0.1,1,0.333333333333333,0
"iris","Fold_1","mlpML",0.2,1,0.333333333333333,0
"iris","Fold_1","mlpML",0.3,0.9,0.366666666666667,0.05
"iris","Fold_1","multinom",0.1,1,0.333333333333333,0
"iris","Fold_1","multinom",0.2,0.6,0.6,0.401993355481728
"iris","Fold_1","multinom",0.3,0.2,0.933333333333333,0.9
"iris","Fold_1","multinom",0.1,1,0.333333333333333,0
"iris","Fold_1","multinom",0.2,1,0.333333333333333,0
"iris","Fold_1","multinom",0.3,0.6,0.666666666666667,0.499165275459098
"iris","Fold_1","multinom",0.1,1,0.333333333333333,0
"iris","Fold_1","multinom",0.2,1,0.333333333333333,0
"iris","Fold_1","multinom",0.3,0.9,0.466666666666667,0.19327731092437
"iris","Fold_1","naive_bayes",0.1,0.8,0.5,0.25
"iris","Fold_1","naive_bayes",0.2,1,0.5,0.25
"iris","Fold_1","naive_bayes",0.3,0.8,0.5,0.25
"iris","Fold_1","naive_bayes",0.1,1,0.5,0.25
"iris","Fold_1","naive_bayes",0.2,1,0.5,0.25
"iris","Fold_1","naive_bayes",0.3,1,0.5,0.25
"iris","Fold_1","naive_bayes",0.1,1,0.5,0.25
"iris","Fold_1","naive_bayes",0.2,1,0.5,0.25
"iris","Fold_1","naive_bayes",0.3,1,0.5,0.25
"iris","Fold_1","PART",0.1,1,0.3,-7.93016446160826e-17
"iris","Fold_1","PART",0.2,0.5,0.7,0.554455445544555
"iris","Fold_1","PART",0.3,0.4,0.7,0.55
"iris","Fold_1","PART",0.1,1,0.3,-7.93016446160826e-17
"iris","Fold_1","PART",0.2,0.8,0.5,0.2776886035313
"iris","Fold_1","PART",0.3,0.6,0.566666666666667,0.361702127659574
"iris","Fold_1","PART",0.1,1,0.3,-7.93016446160826e-17
"iris","Fold_1","PART",0.2,1,0.366666666666667,0.0879999999999999
"iris","Fold_1","PART",0.3,1,0.233333333333333,-0.121951219512195
"iris","Fold_1","rbfDDA",0.1,1,0.333333333333333,0
"iris","Fold_1","rbfDDA",0.2,0.2,0.866666666666667,0.8
"iris","Fold_1","rbfDDA",0.3,0.3,0.833333333333333,0.750415973377704
"iris","Fold_1","rbfDDA",0.1,1,0.333333333333333,0
"iris","Fold_1","rbfDDA",0.2,0.5,0.7,0.550748752079867
"iris","Fold_1","rbfDDA",0.3,0.5,0.7,0.550748752079867
"iris","Fold_1","rbfDDA",0.1,1,0.333333333333333,0
"iris","Fold_1","rbfDDA",0.2,1,0.333333333333333,0
"iris","Fold_1","rbfDDA",0.3,1,0.333333333333333,0
"iris","Fold_1","rda",0.1,1,0.333333333333333,0
"iris","Fold_1","rda",0.2,1,0.333333333333333,0
"iris","Fold_1","rda",0.3,0.5,0.633333333333333,0.449081803005008
"iris","Fold_1","rda",0.1,1,0.333333333333333,0
"iris","Fold_1","rda",0.2,1,0.333333333333333,0
"iris","Fold_1","rda",0.3,1,0.333333333333333,0
"iris","Fold_1","rda",0.1,1,0.333333333333333,0
"iris","Fold_1","rda",0.2,1,0.333333333333333,0
"iris","Fold_1","rda",0.3,1,0.333333333333333,0
"iris","Fold_1","rf",0.1,1,0.333333333333333,0
"iris","Fold_1","rf",0.2,0.6,0.533333333333333,0.297658862876254
"iris","Fold_1","rf",0.3,0.5,0.566666666666667,0.348914858096828
"iris","Fold_1","rf",0.1,1,0.333333333333333,0
"iris","Fold_1","rf",0.2,1,0.333333333333333,0
"iris","Fold_1","rf",0.3,1,0.333333333333333,0
"iris","Fold_1","rf",0.1,1,0.333333333333333,0
"iris","Fold_1","rf",0.2,1,0.333333333333333,0
"iris","Fold_1","rf",0.3,1,0.333333333333333,0
"iris","Fold_1","rpart",0.1,1,0.333333333333333,0
"iris","Fold_1","rpart",0.2,1,0.333333333333333,0
"iris","Fold_1","rpart",0.3,0.5,0.733333333333333,0.596638655462185
"iris","Fold_1","rpart",0.1,1,0.333333333333333,0
"iris","Fold_1","rpart",0.2,1,0.333333333333333,0
"iris","Fold_1","rpart",0.3,0.9,0.433333333333333,0.144295302013423
"iris","Fold_1","rpart",0.1,1,0.333333333333333,0
"iris","Fold_1","rpart",0.2,1,0.333333333333333,0
"iris","Fold_1","rpart",0.3,1,0.4,0.0954773869346734
"iris","Fold_1","simpls",0.1,1,0.333333333333333,0
"iris","Fold_1","simpls",0.2,1,0.333333333333333,0
"iris","Fold_1","simpls",0.3,1,0.333333333333333,0
"iris","Fold_1","simpls",0.1,1,0.333333333333333,0
"iris","Fold_1","simpls",0.2,1,0.333333333333333,0
"iris","Fold_1","simpls",0.3,1,0.333333333333333,0
"iris","Fold_1","simpls",0.1,1,0.333333333333333,0
"iris","Fold_1","simpls",0.2,1,0.333333333333333,0
"iris","Fold_1","simpls",0.3,1,0.333333333333333,0
"iris","Fold_1","svmLinear",0.1,1,0.333333333333333,0
"iris","Fold_1","svmLinear",0.2,1,0.333333333333333,0
"iris","Fold_1","svmLinear",0.3,0.8,0.466666666666667,0.2
"iris","Fold_1","svmLinear",0.1,1,0.333333333333333,0
"iris","Fold_1","svmLinear",0.2,1,0.333333333333333,0
"iris","Fold_1","svmLinear",0.3,1,0.333333333333333,0
"iris","Fold_1","svmLinear",0.1,1,0.333333333333333,0
"iris","Fold_1","svmLinear",0.2,1,0.333333333333333,0
"iris","Fold_1","svmLinear",0.3,1,0.333333333333333,0
"iris","Fold_1","svmRadial",0.1,1,0.333333333333333,0
"iris","Fold_1","svmRadial",0.2,1,0.333333333333333,0
"iris","Fold_1","svmRadial",0.3,0.7,0.566666666666667,0.35108153078203
"iris","Fold_1","svmRadial",0.1,1,0.333333333333333,0
"iris","Fold_1","svmRadial",0.2,1,0.333333333333333,0
"iris","Fold_1","svmRadial",0.3,1,0.333333333333333,0
"iris","Fold_1","svmRadial",0.1,1,0.333333333333333,0
"iris","Fold_1","svmRadial",0.2,1,0.333333333333333,0
"iris","Fold_1","svmRadial",0.3,1,0.333333333333333,0
"iris","Fold_1","rfRules",0.1,1,0.333333333333333,0
"iris","Fold_1","rfRules",0.2,1,0.333333333333333,0
"iris","Fold_1","rfRules",0.3,0.5,0.7,0.545454545454545
"iris","Fold_1","rfRules",0.1,1,0.333333333333333,0
"iris","Fold_1","rfRules",0.2,1,0.333333333333333,0
"iris","Fold_1","rfRules",0.3,1,0.4,0.0954773869346734
"iris","Fold_1","rfRules",0.1,1,0.333333333333333,0
"iris","Fold_1","rfRules",0.2,1,0.333333333333333,0
"iris","Fold_1","rfRules",0.3,1,0.4,0.0954773869346734
"iris","Fold_1","knn",0.1,1,0.333333333333333,0
"iris","Fold_1","knn",0.2,1,0.333333333333333,0
"iris","Fold_1","knn",0.3,0.7,0.566666666666667,0.348914858096828
"iris","Fold_1","knn",0.1,1,0.333333333333333,0
"iris","Fold_1","knn",0.2,1,0.333333333333333,0
"iris","Fold_1","knn",0.3,1,0.333333333333333,0
"iris","Fold_1","knn",0.1,1,0.333333333333333,0
"iris","Fold_1","knn",0.2,1,0.333333333333333,0
"iris","Fold_1","knn",0.3,1,0.333333333333333,0
"iris","Fold_1","bayesglm",0.1,1,0.333333333333333,0
"iris","Fold_1","bayesglm",0.2,1,0.333333333333333,0
"iris","Fold_1","bayesglm",0.3,0.8,0.466666666666667,0.142857142857143
"iris","Fold_1","bayesglm",0.1,1,0.333333333333333,0
"iris","Fold_1","bayesglm",0.2,1,0.333333333333333,0
"iris","Fold_1","bayesglm",0.3,1,0.333333333333333,0
"iris","Fold_1","bayesglm",0.1,1,0.333333333333333,0
"iris","Fold_1","bayesglm",0.2,1,0.333333333333333,0
"iris","Fold_1","bayesglm",0.3,1,0.333333333333333,0
"iris","Fold_2","C5.0",0.1,1,0.333333333333333,0
"iris","Fold_2","C5.0",0.2,0.4,0.7,0.55
"iris","Fold_2","C5.0",0.3,0.1,0.933333333333333,0.9
"iris","Fold_2","C5.0",0.1,1,0.333333333333333,0
"iris","Fold_2","C5.0",0.2,1,0.266666666666667,-0.1
"iris","Fold_2","C5.0",0.3,0.7,0.566666666666667,0.35
"iris","Fold_2","C5.0",0.1,1,0.333333333333333,0
"iris","Fold_2","C5.0",0.2,1,0.266666666666667,-0.1
"iris","Fold_2","C5.0",0.3,0.9,0.533333333333333,0.3
"iris","Fold_2","ctree",0.1,1,0.333333333333333,-0.00166944908180302
"iris","Fold_2","ctree",0.2,0.6,0.6,0.395973154362416
"iris","Fold_2","ctree",0.3,0.2,0.933333333333333,0.899328859060403
"iris","Fold_2","ctree",0.1,1,0.333333333333333,-0.00166944908180302
"iris","Fold_2","ctree",0.2,1,0.266666666666667,-0.111111111111111
"iris","Fold_2","ctree",0.3,0.5,0.8,0.698996655518395
"iris","Fold_2","ctree",0.1,1,0.333333333333333,-0.00166944908180302
"iris","Fold_2","ctree",0.2,1,0.266666666666667,-0.111111111111111
"iris","Fold_2","ctree",0.3,0.9,0.566666666666667,0.343434343434343
"iris","Fold_2","fda",0.1,1,0.333333333333333,0
"iris","Fold_2","fda",0.2,1,0.333333333333333,0
"iris","Fold_2","fda",0.3,0.3,0.866666666666667,0.79933110367893
"iris","Fold_2","fda",0.1,1,0.333333333333333,0
"iris","Fold_2","fda",0.2,1,0.333333333333333,0
"iris","Fold_2","fda",0.3,1,0.333333333333333,0
"iris","Fold_2","fda",0.1,1,0.333333333333333,0
"iris","Fold_2","fda",0.2,1,0.333333333333333,0
"iris","Fold_2","fda",0.3,1,0.333333333333333,0
"iris","Fold_2","gbm",0.1,1,0.333333333333333,0
"iris","Fold_2","gbm",0.2,0.5,0.666666666666667,0.5
"iris","Fold_2","gbm",0.3,0.1,0.933333333333333,0.899665551839465
"iris","Fold_2","gbm",0.1,1,0.333333333333333,0
"iris","Fold_2","gbm",0.2,1,0.333333333333333,0
"iris","Fold_2","gbm",0.3,0.5,0.7,0.551495016611296
"iris","Fold_2","gbm",0.1,1,0.333333333333333,0
"iris","Fold_2","gbm",0.2,1,0.333333333333333,0
"iris","Fold_2","gbm",0.3,0.8,0.5,0.254966887417219
"iris","Fold_2","gcvEarth",0.1,1,0.333333333333333,0.00332225913621265
"iris","Fold_2","gcvEarth",0.2,0.6,0.6,0.4
"iris","Fold_2","gcvEarth",0.3,0.4,0.8,0.695945945945946
"iris","Fold_2","gcvEarth",0.1,1,0.333333333333333,0.00332225913621265
"iris","Fold_2","gcvEarth",0.2,1,0.3,-0.0430463576158941
"iris","Fold_2","gcvEarth",0.3,0.7,0.533333333333333,0.302325581395349
"iris","Fold_2","gcvEarth",0.1,1,0.333333333333333,0.00332225913621265
"iris","Fold_2","gcvEarth",0.2,1,0.3,-0.0430463576158941
"iris","Fold_2","gcvEarth",0.3,0.9,0.433333333333333,0.155629139072848
"iris","Fold_2","JRip",0.1,1,0.366666666666667,0
"iris","Fold_2","JRip",0.2,0.6,0.633333333333333,0.433962264150943
"iris","Fold_2","JRip",0.3,0.2,0.933333333333333,0.898989898989899
"iris","Fold_2","JRip",0.1,1,0.366666666666667,0
"iris","Fold_2","JRip",0.2,1,0.366666666666667,0
"iris","Fold_2","JRip",0.3,0.6,0.633333333333333,0.433962264150943
"iris","Fold_2","JRip",0.1,1,0.366666666666667,0
"iris","Fold_2","JRip",0.2,1,0.366666666666667,0
"iris","Fold_2","JRip",0.3,0.9,0.466666666666667,0.165217391304348
"iris","Fold_2","lvq",0.1,1,0.333333333333333,0
"iris","Fold_2","lvq",0.2,0.7,0.6,0.4
"iris","Fold_2","lvq",0.3,0.7,0.6,0.4
"iris","Fold_2","lvq",0.1,1,0.333333333333333,0
"iris","Fold_2","lvq",0.2,0.9,0.433333333333333,0.152823920265781
"iris","Fold_2","lvq",0.3,1,0.333333333333333,0
"iris","Fold_2","lvq",0.1,1,0.333333333333333,0
"iris","Fold_2","lvq",0.2,1,0.333333333333333,0
"iris","Fold_2","lvq",0.3,1,0.333333333333333,0
"iris","Fold_2","mlpML",0.1,1,0.333333333333333,0
"iris","Fold_2","mlpML",0.2,0.4,0.8,0.698996655518395
"iris","Fold_2","mlpML",0.3,0.2,0.933333333333333,0.899665551839465
"iris","Fold_2","mlpML",0.1,1,0.333333333333333,0
"iris","Fold_2","mlpML",0.2,1,0.333333333333333,0
"iris","Fold_2","mlpML",0.3,0.6,0.666666666666667,0.498327759197324
"iris","Fold_2","mlpML",0.1,1,0.333333333333333,0
"iris","Fold_2","mlpML",0.2,1,0.333333333333333,0
"iris","Fold_2","mlpML",0.3,0.9,0.433333333333333,0.151414309484193
"iris","Fold_2","multinom",0.1,1,0.333333333333333,0
"iris","Fold_2","multinom",0.2,0.6,0.666666666666667,0.5
"iris","Fold_2","multinom",0.3,0.2,0.833333333333333,0.745762711864407
"iris","Fold_2","multinom",0.1,1,0.333333333333333,0
"iris","Fold_2","multinom",0.2,1,0.333333333333333,0
"iris","Fold_2","multinom",0.3,0.6,0.666666666666667,0.501661129568106
"iris","Fold_2","multinom",0.1,1,0.333333333333333,0
"iris","Fold_2","multinom",0.2,1,0.333333333333333,0
"iris","Fold_2","multinom",0.3,0.9,0.466666666666667,0.20265780730897
"iris","Fold_2","naive_bayes",0.1,0.8,0.5,0.25
"iris","Fold_2","naive_bayes",0.2,1,0.5,0.25
"iris","Fold_2","naive_bayes",0.3,0.8,0.5,0.25
"iris","Fold_2","naive_bayes",0.1,1,0.5,0.25
"iris","Fold_2","naive_bayes",0.2,1,0.5,0.25
"iris","Fold_2","naive_bayes",0.3,1,0.5,0.25
"iris","Fold_2","naive_bayes",0.1,1,0.5,0.25
"iris","Fold_2","naive_bayes",0.2,1,0.5,0.25
"iris","Fold_2","naive_bayes",0.3,1,0.5,0.25
"iris","Fold_2","PART",0.1,1,0.333333333333333,0
"iris","Fold_2","PART",0.2,0.5,0.733333333333333,0.603305785123967
"iris","Fold_2","PART",0.3,0.4,0.7,0.554455445544554
"iris","Fold_2","PART",0.1,1,0.333333333333333,0
"iris","Fold_2","PART",0.2,0.8,0.5,0.254966887417219
"iris","Fold_2","PART",0.3,0.6,0.6,0.40495867768595
"iris","Fold_2","PART",0.1,1,0.333333333333333,0
"iris","Fold_2","PART",0.2,1,0.333333333333333,0.00166389351081532
"iris","Fold_2","PART",0.3,1,0.266666666666667,-0.0909090909090909
"iris","Fold_2","rbfDDA",0.1,1,0.366666666666667,0
"iris","Fold_2","rbfDDA",0.2,0.2,0.9,0.847198641765705
"iris","Fold_2","rbfDDA",0.3,0.3,0.8,0.690721649484536
"iris","Fold_2","rbfDDA",0.1,1,0.366666666666667,0
"iris","Fold_2","rbfDDA",0.2,0.5,0.666666666666667,0.479166666666667
"iris","Fold_2","rbfDDA",0.3,0.5,0.666666666666667,0.479166666666667
"iris","Fold_2","rbfDDA",0.1,1,0.366666666666667,0
"iris","Fold_2","rbfDDA",0.2,1,0.366666666666667,0
"iris","Fold_2","rbfDDA",0.3,1,0.366666666666667,0
"iris","Fold_2","rda",0.1,1,0.333333333333333,0
"iris","Fold_2","rda",0.2,1,0.333333333333333,0
"iris","Fold_2","rda",0.3,0.5,0.666666666666667,0.498327759197324
"iris","Fold_2","rda",0.1,1,0.333333333333333,0
"iris","Fold_2","rda",0.2,1,0.333333333333333,0
"iris","Fold_2","rda",0.3,1,0.333333333333333,0
"iris","Fold_2","rda",0.1,1,0.333333333333333,0
"iris","Fold_2","rda",0.2,1,0.333333333333333,0
"iris","Fold_2","rda",0.3,1,0.333333333333333,0
"iris","Fold_2","rf",0.1,1,0.333333333333333,0
"iris","Fold_2","rf",0.2,0.6,0.566666666666667,0.35
"iris","Fold_2","rf",0.3,0.5,0.666666666666667,0.5
"iris","Fold_2","rf",0.1,1,0.333333333333333,0
"iris","Fold_2","rf",0.2,1,0.333333333333333,0
"iris","Fold_2","rf",0.3,1,0.333333333333333,0
"iris","Fold_2","rf",0.1,1,0.333333333333333,0
"iris","Fold_2","rf",0.2,1,0.333333333333333,0
"iris","Fold_2","rf",0.3,1,0.333333333333333,0
"iris","Fold_2","rpart",0.1,1,0.333333333333333,0
"iris","Fold_2","rpart",0.2,1,0.333333333333333,0
"iris","Fold_2","rpart",0.3,0.5,0.7,0.549248747913189
"iris","Fold_2","rpart",0.1,1,0.333333333333333,0
"iris","Fold_2","rpart",0.2,1,0.333333333333333,0
"iris","Fold_2","rpart",0.3,0.9,0.4,0.104477611940299
"iris","Fold_2","rpart",0.1,1,0.333333333333333,0
"iris","Fold_2","rpart",0.2,1,0.333333333333333,0
"iris","Fold_2","rpart",0.3,1,0.366666666666667,0.0531561461794019
"iris","Fold_2","simpls",0.1,1,0.333333333333333,0
"iris","Fold_2","simpls",0.2,1,0.333333333333333,0
"iris","Fold_2","simpls",0.3,1,0.333333333333333,0
"iris","Fold_2","simpls",0.1,1,0.333333333333333,0
"iris","Fold_2","simpls",0.2,1,0.333333333333333,0
"iris","Fold_2","simpls",0.3,1,0.333333333333333,0
"iris","Fold_2","simpls",0.1,1,0.333333333333333,0
"iris","Fold_2","simpls",0.2,1,0.333333333333333,0
"iris","Fold_2","simpls",0.3,1,0.333333333333333,0
"iris","Fold_2","svmLinear",0.1,1,0.333333333333333,0
"iris","Fold_2","svmLinear",0.2,1,0.333333333333333,0
"iris","Fold_2","svmLinear",0.3,0.8,0.5,0.247491638795987
"iris","Fold_2","svmLinear",0.1,1,0.333333333333333,0
"iris","Fold_2","svmLinear",0.2,1,0.333333333333333,0
"iris","Fold_2","svmLinear",0.3,1,0.333333333333333,0
"iris","Fold_2","svmLinear",0.1,1,0.333333333333333,0
"iris","Fold_2","svmLinear",0.2,1,0.333333333333333,0
"iris","Fold_2","svmLinear",0.3,1,0.333333333333333,0
"iris","Fold_2","svmRadial",0.1,1,0.333333333333333,0
"iris","Fold_2","svmRadial",0.2,1,0.333333333333333,0
"iris","Fold_2","svmRadial",0.3,0.7,0.5,0.246231155778894
"iris","Fold_2","svmRadial",0.1,1,0.333333333333333,0
"iris","Fold_2","svmRadial",0.2,1,0.333333333333333,0
"iris","Fold_2","svmRadial",0.3,1,0.333333333333333,0
"iris","Fold_2","svmRadial",0.1,1,0.333333333333333,0
"iris","Fold_2","svmRadial",0.2,1,0.333333333333333,0
"iris","Fold_2","svmRadial",0.3,1,0.333333333333333,0
"iris","Fold_2","rfRules",0.1,1,0.333333333333333,0
"iris","Fold_2","rfRules",0.2,1,0.333333333333333,0
"iris","Fold_2","rfRules",0.3,0.5,0.666666666666667,0.503311258278146
"iris","Fold_2","rfRules",0.1,1,0.333333333333333,0
"iris","Fold_2","rfRules",0.2,1,0.333333333333333,0
"iris","Fold_2","rfRules",0.3,1,0.333333333333333,0
"iris","Fold_2","rfRules",0.1,1,0.333333333333333,0
"iris","Fold_2","rfRules",0.2,1,0.333333333333333,0
"iris","Fold_2","rfRules",0.3,1,0.333333333333333,0
"iris","Fold_2","knn",0.1,1,0.333333333333333,0
"iris","Fold_2","knn",0.2,1,0.333333333333333,0
"iris","Fold_2","knn",0.3,0.7,0.566666666666667,0.35108153078203
"iris","Fold_2","knn",0.1,1,0.333333333333333,0
"iris","Fold_2","knn",0.2,1,0.333333333333333,0
"iris","Fold_2","knn",0.3,1,0.333333333333333,0
"iris","Fold_2","knn",0.1,1,0.333333333333333,0
"iris","Fold_2","knn",0.2,1,0.333333333333333,0
"iris","Fold_2","knn",0.3,1,0.333333333333333,0
"iris","Fold_2","bayesglm",0.1,1,0.333333333333333,0
"iris","Fold_2","bayesglm",0.2,1,0.333333333333333,0
"iris","Fold_2","bayesglm",0.3,0.8,0.466666666666667,0.142857142857143
"iris","Fold_2","bayesglm",0.1,1,0.333333333333333,0
"iris","Fold_2","bayesglm",0.2,1,0.333333333333333,0
"iris","Fold_2","bayesglm",0.3,1,0.333333333333333,0
"iris","Fold_2","bayesglm",0.1,1,0.333333333333333,0
"iris","Fold_2","bayesglm",0.2,1,0.333333333333333,0
"iris","Fold_2","bayesglm",0.3,1,0.333333333333333,0
"iris","Fold_3","C5.0",0.1,1,0.333333333333333,-0.00502512562814065
"iris","Fold_3","C5.0",0.2,0.4,0.666666666666667,0.489795918367347
"iris","Fold_3","C5.0",0.3,0.1,0.933333333333333,0.897959183673469
"iris","Fold_3","C5.0",0.1,1,0.333333333333333,-0.00502512562814065
"iris","Fold_3","C5.0",0.2,1,0.266666666666667,-0.134020618556701
"iris","Fold_3","C5.0",0.3,0.7,0.6,0.390862944162437
"iris","Fold_3","C5.0",0.1,1,0.333333333333333,-0.00502512562814065
"iris","Fold_3","C5.0",0.2,1,0.266666666666667,-0.134020618556701
"iris","Fold_3","C5.0",0.3,0.9,0.466666666666667,0.175257731958763
"iris","Fold_3","ctree",0.1,1,0.333333333333333,-0.00334448160535111
"iris","Fold_3","ctree",0.2,0.6,0.533333333333333,0.288135593220339
"iris","Fold_3","ctree",0.3,0.2,0.9,0.846938775510204
"iris","Fold_3","ctree",0.1,1,0.333333333333333,-0.00334448160535111
"iris","Fold_3","ctree",0.2,1,0.266666666666667,-0.122448979591837
"iris","Fold_3","ctree",0.3,0.5,0.766666666666667,0.642857142857143
"iris","Fold_3","ctree",0.1,1,0.333333333333333,-0.00334448160535111
"iris","Fold_3","ctree",0.2,1,0.266666666666667,-0.122448979591837
"iris","Fold_3","ctree",0.3,0.9,0.533333333333333,0.288135593220339
"iris","Fold_3","fda",0.1,1,0.333333333333333,0
"iris","Fold_3","fda",0.2,1,0.333333333333333,0
"iris","Fold_3","fda",0.3,0.3,0.8,0.691780821917808
"iris","Fold_3","fda",0.1,1,0.333333333333333,0
"iris","Fold_3","fda",0.2,1,0.333333333333333,0
"iris","Fold_3","fda",0.3,1,0.366666666666667,0.0468227424749164
"iris","Fold_3","fda",0.1,1,0.333333333333333,0
"iris","Fold_3","fda",0.2,1,0.333333333333333,0
"iris","Fold_3","fda",0.3,1,0.366666666666667,0.0468227424749164
"iris","Fold_3","gbm",0.1,1,0.333333333333333,0
"iris","Fold_3","gbm",0.2,0.5,0.666666666666667,0.489795918367347
"iris","Fold_3","gbm",0.3,0.1,0.933333333333333,0.898648648648649
"iris","Fold_3","gbm",0.1,1,0.333333333333333,0
"iris","Fold_3","gbm",0.2,1,0.333333333333333,0
"iris","Fold_3","gbm",0.3,0.5,0.666666666666667,0.489795918367347
"iris","Fold_3","gbm",0.1,1,0.333333333333333,0
"iris","Fold_3","gbm",0.2,1,0.333333333333333,0
"iris","Fold_3","gbm",0.3,0.8,0.5,0.239864864864865
"iris","Fold_3","gcvEarth",0.1,1,0.333333333333333,0
"iris","Fold_3","gcvEarth",0.2,0.6,0.6,0.387755102040816
"iris","Fold_3","gcvEarth",0.3,0.4,0.8,0.68586387434555
"iris","Fold_3","gcvEarth",0.1,1,0.333333333333333,0
"iris","Fold_3","gcvEarth",0.2,1,0.333333333333333,0
"iris","Fold_3","gcvEarth",0.3,0.7,0.566666666666667,0.336734693877551
"iris","Fold_3","gcvEarth",0.1,1,0.333333333333333,0
"iris","Fold_3","gcvEarth",0.2,1,0.333333333333333,0
"iris","Fold_3","gcvEarth",0.3,0.9,0.433333333333333,0.141414141414141
"iris","Fold_3","JRip",0.1,1,0.333333333333333,0
"iris","Fold_3","JRip",0.2,0.6,0.6,0.393939393939394
"iris","Fold_3","JRip",0.3,0.2,0.833333333333333,0.748743718592965
"iris","Fold_3","JRip",0.1,1,0.333333333333333,0
"iris","Fold_3","JRip",0.2,1,0.333333333333333,0
"iris","Fold_3","JRip",0.3,0.6,0.6,0.393939393939394
"iris","Fold_3","JRip",0.1,1,0.333333333333333,0
"iris","Fold_3","JRip",0.2,1,0.333333333333333,0
"iris","Fold_3","JRip",0.3,0.9,0.433333333333333,0.14572864321608
"iris","Fold_3","lvq",0.1,1,0.333333333333333,0
"iris","Fold_3","lvq",0.2,0.7,0.533333333333333,0.3
"iris","Fold_3","lvq",0.3,0.7,0.533333333333333,0.3
"iris","Fold_3","lvq",0.1,1,0.333333333333333,0
"iris","Fold_3","lvq",0.2,0.9,0.4,0.1
"iris","Fold_3","lvq",0.3,1,0.333333333333333,0
"iris","Fold_3","lvq",0.1,1,0.333333333333333,0
"iris","Fold_3","lvq",0.2,1,0.333333333333333,0
"iris","Fold_3","lvq",0.3,1,0.333333333333333,0
"iris","Fold_3","mlpML",0.1,1,0.333333333333333,0
"iris","Fold_3","mlpML",0.2,0.4,0.666666666666667,0.496644295302013
"iris","Fold_3","mlpML",0.3,0.2,0.8,0.697986577181208
"iris","Fold_3","mlpML",0.1,1,0.333333333333333,0
"iris","Fold_3","mlpML",0.2,1,0.333333333333333,0
"iris","Fold_3","mlpML",0.3,0.6,0.6,0.393939393939394
"iris","Fold_3","mlpML",0.1,1,0.333333333333333,0
"iris","Fold_3","mlpML",0.2,1,0.333333333333333,0
"iris","Fold_3","mlpML",0.3,0.9,0.4,0.1
"iris","Fold_3","multinom",0.1,1,0.333333333333333,0
"iris","Fold_3","multinom",0.2,0.6,0.533333333333333,0.3
"iris","Fold_3","multinom",0.3,0.2,0.833333333333333,0.75
"iris","Fold_3","multinom",0.1,1,0.333333333333333,0
"iris","Fold_3","multinom",0.2,1,0.333333333333333,0
"iris","Fold_3","multinom",0.3,0.6,0.533333333333333,0.3
"iris","Fold_3","multinom",0.1,1,0.333333333333333,0
"iris","Fold_3","multinom",0.2,1,0.333333333333333,0
"iris","Fold_3","multinom",0.3,0.9,0.333333333333333,0
"iris","Fold_3","naive_bayes",0.1,0.8,0.466666666666667,0.2
"iris","Fold_3","naive_bayes",0.2,1,0.466666666666667,0.2
"iris","Fold_3","naive_bayes",0.3,0.8,0.466666666666667,0.2
"iris","Fold_3","naive_bayes",0.1,1,0.466666666666667,0.2
"iris","Fold_3","naive_bayes",0.2,1,0.466666666666667,0.2
"iris","Fold_3","naive_bayes",0.3,1,0.466666666666667,0.2
"iris","Fold_3","naive_bayes",0.1,1,0.466666666666667,0.2
"iris","Fold_3","naive_bayes",0.2,1,0.466666666666667,0.2
"iris","Fold_3","naive_bayes",0.3,1,0.466666666666667,0.2
"iris","Fold_3","PART",0.1,1,0.333333333333333,0
"iris","Fold_3","PART",0.2,0.5,0.633333333333333,0.444444444444444
"iris","Fold_3","PART",0.3,0.4,0.733333333333333,0.590443686006826
"iris","Fold_3","PART",0.1,1,0.333333333333333,0
"iris","Fold_3","PART",0.2,0.8,0.4,0.0939597315436242
"iris","Fold_3","PART",0.3,0.6,0.566666666666667,0.341216216216216
"iris","Fold_3","PART",0.1,1,0.333333333333333,0
"iris","Fold_3","PART",0.2,1,0.366666666666667,0.0468227424749164
"iris","Fold_3","PART",0.3,1,0.3,-0.0677966101694915
"iris","Fold_3","rbfDDA",0.1,1,0.333333333333333,0
"iris","Fold_3","rbfDDA",0.2,0.2,0.866666666666667,0.8
"iris","Fold_3","rbfDDA",0.3,0.3,0.8,0.7
"iris","Fold_3","rbfDDA",0.1,1,0.333333333333333,0
"iris","Fold_3","rbfDDA",0.2,0.5,0.666666666666667,0.498327759197324
"iris","Fold_3","rbfDDA",0.3,0.5,0.666666666666667,0.498327759197324
"iris","Fold_3","rbfDDA",0.1,1,0.333333333333333,0
"iris","Fold_3","rbfDDA",0.2,1,0.333333333333333,0
"iris","Fold_3","rbfDDA",0.3,1,0.333333333333333,0
"iris","Fold_3","rda",0.1,1,0.333333333333333,0
"iris","Fold_3","rda",0.2,1,0.333333333333333,0
"iris","Fold_3","rda",0.3,0.5,0.7,0.55
"iris","Fold_3","rda",0.1,1,0.333333333333333,0
"iris","Fold_3","rda",0.2,1,0.333333333333333,0
"iris","Fold_3","rda",0.3,1,0.333333333333333,0
"iris","Fold_3","rda",0.1,1,0.333333333333333,0
"iris","Fold_3","rda",0.2,1,0.333333333333333,0
"iris","Fold_3","rda",0.3,1,0.333333333333333,0
"iris","Fold_3","rf",0.1,1,0.333333333333333,0
"iris","Fold_3","rf",0.2,0.6,0.633333333333333,0.450915141430948
"iris","Fold_3","rf",0.3,0.5,0.7,0.550748752079867
"iris","Fold_3","rf",0.1,1,0.333333333333333,0
"iris","Fold_3","rf",0.2,1,0.333333333333333,0
"iris","Fold_3","rf",0.3,1,0.333333333333333,0
"iris","Fold_3","rf",0.1,1,0.333333333333333,0
"iris","Fold_3","rf",0.2,1,0.333333333333333,0
"iris","Fold_3","rf",0.3,1,0.333333333333333,0
"iris","Fold_3","rpart",0.1,1,0.333333333333333,0
"iris","Fold_3","rpart",0.2,1,0.333333333333333,0
"iris","Fold_3","rpart",0.3,0.5,0.733333333333333,0.595959595959596
"iris","Fold_3","rpart",0.1,1,0.333333333333333,0
"iris","Fold_3","rpart",0.2,1,0.333333333333333,0
"iris","Fold_3","rpart",0.3,0.9,0.466666666666667,0.191919191919192
"iris","Fold_3","rpart",0.1,1,0.333333333333333,0
"iris","Fold_3","rpart",0.2,1,0.333333333333333,0
"iris","Fold_3","rpart",0.3,1,0.4,0.090909090909091
"iris","Fold_3","simpls",0.1,1,0.333333333333333,0
"iris","Fold_3","simpls",0.2,1,0.333333333333333,0
"iris","Fold_3","simpls",0.3,1,0.333333333333333,0
"iris","Fold_3","simpls",0.1,1,0.333333333333333,0
"iris","Fold_3","simpls",0.2,1,0.333333333333333,0
"iris","Fold_3","simpls",0.3,1,0.333333333333333,0
"iris","Fold_3","simpls",0.1,1,0.333333333333333,0
"iris","Fold_3","simpls",0.2,1,0.333333333333333,0
"iris","Fold_3","simpls",0.3,1,0.333333333333333,0
"iris","Fold_3","svmLinear",0.1,1,0.333333333333333,0
"iris","Fold_3","svmLinear",0.2,1,0.333333333333333,0
"iris","Fold_3","svmLinear",0.3,0.8,0.4,0.1
"iris","Fold_3","svmLinear",0.1,1,0.333333333333333,0
"iris","Fold_3","svmLinear",0.2,1,0.333333333333333,0
"iris","Fold_3","svmLinear",0.3,1,0.333333333333333,0
"iris","Fold_3","svmLinear",0.1,1,0.333333333333333,0
"iris","Fold_3","svmLinear",0.2,1,0.333333333333333,0
"iris","Fold_3","svmLinear",0.3,1,0.333333333333333,0
"iris","Fold_3","svmRadial",0.1,1,0.3,0
"iris","Fold_3","svmRadial",0.2,1,0.3,0
"iris","Fold_3","svmRadial",0.3,0.7,0.533333333333333,0.320388349514563
"iris","Fold_3","svmRadial",0.1,1,0.3,0
"iris","Fold_3","svmRadial",0.2,1,0.3,0
"iris","Fold_3","svmRadial",0.3,1,0.3,0
"iris","Fold_3","svmRadial",0.1,1,0.3,0
"iris","Fold_3","svmRadial",0.2,1,0.3,0
"iris","Fold_3","svmRadial",0.3,1,0.3,0
"iris","Fold_3","rfRules",0.1,1,0.333333333333333,0
"iris","Fold_3","rfRules",0.2,1,0.333333333333333,0
"iris","Fold_3","rfRules",0.3,0.5,0.666666666666667,0.5
"iris","Fold_3","rfRules",0.1,1,0.333333333333333,0
"iris","Fold_3","rfRules",0.2,1,0.333333333333333,0
"iris","Fold_3","rfRules",0.3,1,0.4,0.090909090909091
"iris","Fold_3","rfRules",0.1,1,0.333333333333333,0
"iris","Fold_3","rfRules",0.2,1,0.333333333333333,0
"iris","Fold_3","rfRules",0.3,1,0.4,0.090909090909091
"iris","Fold_3","knn",0.1,1,0.333333333333333,0
"iris","Fold_3","knn",0.2,1,0.333333333333333,0
"iris","Fold_3","knn",0.3,0.7,0.533333333333333,0.3
"iris","Fold_3","knn",0.1,1,0.333333333333333,0
"iris","Fold_3","knn",0.2,1,0.333333333333333,0
"iris","Fold_3","knn",0.3,1,0.333333333333333,0
"iris","Fold_3","knn",0.1,1,0.333333333333333,0
"iris","Fold_3","knn",0.2,1,0.333333333333333,0
"iris","Fold_3","knn",0.3,1,0.333333333333333,0
"iris","Fold_3","bayesglm",0.1,1,0.333333333333333,0
"iris","Fold_3","bayesglm",0.2,1,0.333333333333333,0
"iris","Fold_3","bayesglm",0.3,0.8,0.5,0.181818181818182
"iris","Fold_3","bayesglm",0.1,1,0.333333333333333,0
"iris","Fold_3","bayesglm",0.2,1,0.333333333333333,0
"iris","Fold_3","bayesglm",0.3,1,0.333333333333333,0
"iris","Fold_3","bayesglm",0.1,1,0.333333333333333,0
"iris","Fold_3","bayesglm",0.2,1,0.333333333333333,0
"iris","Fold_3","bayesglm",0.3,1,0.333333333333333,0
"iris","Fold_4","C5.0",0.1,1,0.333333333333333,0.00166389351081532
"iris","Fold_4","C5.0",0.2,0.4,0.666666666666667,0.504950495049505
"iris","Fold_4","C5.0",0.3,0.1,0.933333333333333,0.9
"iris","Fold_4","C5.0",0.1,1,0.333333333333333,0.00166389351081532
"iris","Fold_4","C5.0",0.2,1,0.233333333333333,-0.138613861386139
"iris","Fold_4","C5.0",0.3,0.7,0.633333333333333,0.456342668863262
"iris","Fold_4","C5.0",0.1,1,0.333333333333333,0.00166389351081532
"iris","Fold_4","C5.0",0.2,1,0.233333333333333,-0.138613861386139
"iris","Fold_4","C5.0",0.3,0.9,0.533333333333333,0.308072487644152
"iris","Fold_4","ctree",0.1,1,0.333333333333333,0
"iris","Fold_4","ctree",0.2,0.6,0.6,0.4
"iris","Fold_4","ctree",0.3,0.2,0.933333333333333,0.9
"iris","Fold_4","ctree",0.1,1,0.333333333333333,0
"iris","Fold_4","ctree",0.2,1,0.233333333333333,-0.15
"iris","Fold_4","ctree",0.3,0.5,0.733333333333333,0.6
"iris","Fold_4","ctree",0.1,1,0.333333333333333,0
"iris","Fold_4","ctree",0.2,1,0.233333333333333,-0.15
"iris","Fold_4","ctree",0.3,0.9,0.566666666666667,0.35
"iris","Fold_4","fda",0.1,1,0.333333333333333,0
"iris","Fold_4","fda",0.2,1,0.333333333333333,0
"iris","Fold_4","fda",0.3,0.3,0.8,0.7
"iris","Fold_4","fda",0.1,1,0.333333333333333,0
"iris","Fold_4","fda",0.2,1,0.333333333333333,0
"iris","Fold_4","fda",0.3,1,0.366666666666667,0.05
"iris","Fold_4","fda",0.1,1,0.333333333333333,0
"iris","Fold_4","fda",0.2,1,0.333333333333333,0
"iris","Fold_4","fda",0.3,1,0.366666666666667,0.05
"iris","Fold_4","gbm",0.1,1,0.333333333333333,0
"iris","Fold_4","gbm",0.2,0.5,0.666666666666667,0.5
"iris","Fold_4","gbm",0.3,0.1,0.966666666666667,0.95
"iris","Fold_4","gbm",0.1,1,0.333333333333333,0
"iris","Fold_4","gbm",0.2,1,0.333333333333333,0
"iris","Fold_4","gbm",0.3,0.5,0.7,0.55
"iris","Fold_4","gbm",0.1,1,0.333333333333333,0
"iris","Fold_4","gbm",0.2,1,0.333333333333333,0
"iris","Fold_4","gbm",0.3,0.8,0.5,0.25
"iris","Fold_4","gcvEarth",0.1,1,0.333333333333333,0
"iris","Fold_4","gcvEarth",0.2,0.6,0.633333333333333,0.450915141430948
"iris","Fold_4","gcvEarth",0.3,0.4,0.766666666666667,0.651741293532338
"iris","Fold_4","gcvEarth",0.1,1,0.333333333333333,0
"iris","Fold_4","gcvEarth",0.2,1,0.333333333333333,0
"iris","Fold_4","gcvEarth",0.3,0.7,0.633333333333333,0.450915141430948
"iris","Fold_4","gcvEarth",0.1,1,0.333333333333333,0
"iris","Fold_4","gcvEarth",0.2,1,0.333333333333333,0
"iris","Fold_4","gcvEarth",0.3,0.9,0.433333333333333,0.15
"iris","Fold_4","JRip",0.1,1,0.333333333333333,0
"iris","Fold_4","JRip",0.2,0.6,0.6,0.397993311036789
"iris","Fold_4","JRip",0.3,0.2,0.866666666666667,0.79933110367893
"iris","Fold_4","JRip",0.1,1,0.333333333333333,0
"iris","Fold_4","JRip",0.2,1,0.333333333333333,0
"iris","Fold_4","JRip",0.3,0.6,0.6,0.397993311036789
"iris","Fold_4","JRip",0.1,1,0.333333333333333,0
"iris","Fold_4","JRip",0.2,1,0.333333333333333,0
"iris","Fold_4","JRip",0.3,0.9,0.366666666666667,0.0484140233722871
"iris","Fold_4","lvq",0.1,1,0.333333333333333,0
"iris","Fold_4","lvq",0.2,0.7,0.566666666666667,0.348914858096828
"iris","Fold_4","lvq",0.3,0.7,0.566666666666667,0.348914858096828
"iris","Fold_4","lvq",0.1,1,0.333333333333333,0
"iris","Fold_4","lvq",0.2,0.9,0.4,0.096989966555184
"iris","Fold_4","lvq",0.3,1,0.333333333333333,0
"iris","Fold_4","lvq",0.1,1,0.333333333333333,0
"iris","Fold_4","lvq",0.2,1,0.333333333333333,0
"iris","Fold_4","lvq",0.3,1,0.333333333333333,0
"iris","Fold_4","mlpML",0.1,1,0.333333333333333,0
"iris","Fold_4","mlpML",0.2,0.4,0.733333333333333,0.594594594594595
"iris","Fold_4","mlpML",0.3,0.2,0.833333333333333,0.747474747474748
"iris","Fold_4","mlpML",0.1,1,0.333333333333333,0
"iris","Fold_4","mlpML",0.2,1,0.333333333333333,0
"iris","Fold_4","mlpML",0.3,0.6,0.633333333333333,0.448160535117057
"iris","Fold_4","mlpML",0.1,1,0.333333333333333,0
"iris","Fold_4","mlpML",0.2,1,0.333333333333333,0
"iris","Fold_4","mlpML",0.3,0.9,0.433333333333333,0.152823920265781
"iris","Fold_4","multinom",0.1,1,0.333333333333333,0
"iris","Fold_4","multinom",0.2,0.6,0.633333333333333,0.447236180904523
"iris","Fold_4","multinom",0.3,0.2,0.933333333333333,0.9
"iris","Fold_4","multinom",0.1,1,0.333333333333333,0
"iris","Fold_4","multinom",0.2,1,0.333333333333333,0
"iris","Fold_4","multinom",0.3,0.6,0.666666666666667,0.498327759197324
"iris","Fold_4","multinom",0.1,1,0.333333333333333,0
"iris","Fold_4","multinom",0.2,1,0.333333333333333,0
"iris","Fold_4","multinom",0.3,0.9,0.433333333333333,0.154228855721393
"iris","Fold_4","naive_bayes",0.1,0.8,0.5,0.23728813559322
"iris","Fold_4","naive_bayes",0.2,1,0.5,0.23728813559322
"iris","Fold_4","naive_bayes",0.3,0.8,0.5,0.23728813559322
"iris","Fold_4","naive_bayes",0.1,1,0.5,0.23728813559322
"iris","Fold_4","naive_bayes",0.2,1,0.5,0.23728813559322
"iris","Fold_4","naive_bayes",0.3,1,0.5,0.23728813559322
"iris","Fold_4","naive_bayes",0.1,1,0.5,0.23728813559322
"iris","Fold_4","naive_bayes",0.2,1,0.5,0.23728813559322
"iris","Fold_4","naive_bayes",0.3,1,0.5,0.23728813559322
"iris","Fold_4","PART",0.1,1,0.333333333333333,0
"iris","Fold_4","PART",0.2,0.5,0.633333333333333,0.45
"iris","Fold_4","PART",0.3,0.4,0.666666666666667,0.5
"iris","Fold_4","PART",0.1,1,0.333333333333333,0
"iris","Fold_4","PART",0.2,0.8,0.433333333333333,0.15
"iris","Fold_4","PART",0.3,0.6,0.5,0.25
"iris","Fold_4","PART",0.1,1,0.333333333333333,0
"iris","Fold_4","PART",0.2,1,0.333333333333333,0
"iris","Fold_4","PART",0.3,1,0.3,-0.0500000000000001
"iris","Fold_4","rbfDDA",0.1,1,0.333333333333333,0
"iris","Fold_4","rbfDDA",0.2,0.2,0.833333333333333,0.749582637729549
"iris","Fold_4","rbfDDA",0.3,0.3,0.766666666666667,0.650582362728785
"iris","Fold_4","rbfDDA",0.1,1,0.333333333333333,0
"iris","Fold_4","rbfDDA",0.2,0.5,0.6,0.4
"iris","Fold_4","rbfDDA",0.3,0.5,0.6,0.4
"iris","Fold_4","rbfDDA",0.1,1,0.333333333333333,0
"iris","Fold_4","rbfDDA",0.2,1,0.333333333333333,0
"iris","Fold_4","rbfDDA",0.3,1,0.333333333333333,0
"iris","Fold_4","rda",0.1,1,0.333333333333333,0
"iris","Fold_4","rda",0.2,1,0.333333333333333,0
"iris","Fold_4","rda",0.3,0.5,0.666666666666667,0.501661129568106
"iris","Fold_4","rda",0.1,1,0.333333333333333,0
"iris","Fold_4","rda",0.2,1,0.333333333333333,0
"iris","Fold_4","rda",0.3,1,0.333333333333333,0
"iris","Fold_4","rda",0.1,1,0.333333333333333,0
"iris","Fold_4","rda",0.2,1,0.333333333333333,0
"iris","Fold_4","rda",0.3,1,0.333333333333333,0
"iris","Fold_4","rf",0.1,1,0.333333333333333,0
"iris","Fold_4","rf",0.2,0.6,0.633333333333333,0.45
"iris","Fold_4","rf",0.3,0.5,0.666666666666667,0.5
"iris","Fold_4","rf",0.1,1,0.333333333333333,0
"iris","Fold_4","rf",0.2,1,0.333333333333333,0
"iris","Fold_4","rf",0.3,1,0.333333333333333,0
"iris","Fold_4","rf",0.1,1,0.333333333333333,0
"iris","Fold_4","rf",0.2,1,0.333333333333333,0
"iris","Fold_4","rf",0.3,1,0.333333333333333,0
"iris","Fold_4","rpart",0.1,1,0.333333333333333,0
"iris","Fold_4","rpart",0.2,1,0.333333333333333,0
"iris","Fold_4","rpart",0.3,0.5,0.7,0.55
"iris","Fold_4","rpart",0.1,1,0.333333333333333,0
"iris","Fold_4","rpart",0.2,1,0.333333333333333,0
"iris","Fold_4","rpart",0.3,0.9,0.466666666666667,0.2
"iris","Fold_4","rpart",0.1,1,0.333333333333333,0
"iris","Fold_4","rpart",0.2,1,0.333333333333333,0
"iris","Fold_4","rpart",0.3,1,0.4,0.1
"iris","Fold_4","simpls",0.1,1,0.333333333333333,0
"iris","Fold_4","simpls",0.2,1,0.333333333333333,0
"iris","Fold_4","simpls",0.3,1,0.333333333333333,0
"iris","Fold_4","simpls",0.1,1,0.333333333333333,0
"iris","Fold_4","simpls",0.2,1,0.333333333333333,0
"iris","Fold_4","simpls",0.3,1,0.333333333333333,0
"iris","Fold_4","simpls",0.1,1,0.333333333333333,0
"iris","Fold_4","simpls",0.2,1,0.333333333333333,0
"iris","Fold_4","simpls",0.3,1,0.333333333333333,0
"iris","Fold_4","svmLinear",0.1,1,0.333333333333333,0
"iris","Fold_4","svmLinear",0.2,1,0.333333333333333,0
"iris","Fold_4","svmLinear",0.3,0.8,0.5,0.253731343283582
"iris","Fold_4","svmLinear",0.1,1,0.333333333333333,0
"iris","Fold_4","svmLinear",0.2,1,0.333333333333333,0
"iris","Fold_4","svmLinear",0.3,1,0.333333333333333,0
"iris","Fold_4","svmLinear",0.1,1,0.333333333333333,0
"iris","Fold_4","svmLinear",0.2,1,0.333333333333333,0
"iris","Fold_4","svmLinear",0.3,1,0.333333333333333,0
"iris","Fold_4","svmRadial",0.1,1,0.333333333333333,0
"iris","Fold_4","svmRadial",0.2,1,0.333333333333333,0
"iris","Fold_4","svmRadial",0.3,0.7,0.533333333333333,0.302325581395349
"iris","Fold_4","svmRadial",0.1,1,0.333333333333333,0
"iris","Fold_4","svmRadial",0.2,1,0.333333333333333,0
"iris","Fold_4","svmRadial",0.3,1,0.333333333333333,0
"iris","Fold_4","svmRadial",0.1,1,0.333333333333333,0
"iris","Fold_4","svmRadial",0.2,1,0.333333333333333,0
"iris","Fold_4","svmRadial",0.3,1,0.333333333333333,0
"iris","Fold_4","rfRules",0.1,1,0.333333333333333,0
"iris","Fold_4","rfRules",0.2,1,0.333333333333333,0
"iris","Fold_4","rfRules",0.3,0.5,0.633333333333333,0.45
"iris","Fold_4","rfRules",0.1,1,0.333333333333333,0
"iris","Fold_4","rfRules",0.2,1,0.333333333333333,0
"iris","Fold_4","rfRules",0.3,1,0.333333333333333,0
"iris","Fold_4","rfRules",0.1,1,0.333333333333333,0
"iris","Fold_4","rfRules",0.2,1,0.333333333333333,0
"iris","Fold_4","rfRules",0.3,1,0.333333333333333,0
"iris","Fold_4","knn",0.1,1,0.333333333333333,0
"iris","Fold_4","knn",0.2,1,0.333333333333333,0
"iris","Fold_4","knn",0.3,0.7,0.566666666666667,0.35108153078203
"iris","Fold_4","knn",0.1,1,0.333333333333333,0
"iris","Fold_4","knn",0.2,1,0.333333333333333,0
"iris","Fold_4","knn",0.3,1,0.333333333333333,0
"iris","Fold_4","knn",0.1,1,0.333333333333333,0
"iris","Fold_4","knn",0.2,1,0.333333333333333,0
"iris","Fold_4","knn",0.3,1,0.333333333333333,0
"iris","Fold_4","bayesglm",0.1,1,0.333333333333333,0
"iris","Fold_4","bayesglm",0.2,1,0.333333333333333,0
"iris","Fold_4","bayesglm",0.3,0.8,0.466666666666667,0.142857142857143
"iris","Fold_4","bayesglm",0.1,1,0.333333333333333,0
"iris","Fold_4","bayesglm",0.2,1,0.333333333333333,0
"iris","Fold_4","bayesglm",0.3,1,0.333333333333333,0
"iris","Fold_4","bayesglm",0.1,1,0.333333333333333,0
"iris","Fold_4","bayesglm",0.2,1,0.333333333333333,0
"iris","Fold_4","bayesglm",0.3,1,0.333333333333333,0
"iris","Fold_5","C5.0",0.1,1,0.333333333333333,0.00166389351081532
"iris","Fold_5","C5.0",0.2,0.4,0.666666666666667,0.499165275459098
"iris","Fold_5","C5.0",0.3,0.1,0.9,0.84974958263773
"iris","Fold_5","C5.0",0.1,1,0.333333333333333,0.00166389351081532
"iris","Fold_5","C5.0",0.2,1,0.233333333333333,-0.138613861386139
"iris","Fold_5","C5.0",0.3,0.7,0.6,0.40495867768595
"iris","Fold_5","C5.0",0.1,1,0.333333333333333,0.00166389351081532
"iris","Fold_5","C5.0",0.2,1,0.233333333333333,-0.138613861386139
"iris","Fold_5","C5.0",0.3,0.9,0.466666666666667,0.209225700164745
"iris","Fold_5","ctree",0.1,1,0.333333333333333,0.00166389351081532
"iris","Fold_5","ctree",0.2,0.6,0.533333333333333,0.306930693069307
"iris","Fold_5","ctree",0.3,0.2,0.933333333333333,0.899665551839465
"iris","Fold_5","ctree",0.1,1,0.333333333333333,0.00166389351081532
"iris","Fold_5","ctree",0.2,1,0.233333333333333,-0.138613861386139
"iris","Fold_5","ctree",0.3,0.5,0.8,0.700499168053245
"iris","Fold_5","ctree",0.1,1,0.333333333333333,0.00166389351081532
"iris","Fold_5","ctree",0.2,1,0.233333333333333,-0.138613861386139
"iris","Fold_5","ctree",0.3,0.9,0.5,0.257425742574257
"iris","Fold_5","fda",0.1,1,0.333333333333333,0
"iris","Fold_5","fda",0.2,1,0.333333333333333,0
"iris","Fold_5","fda",0.3,0.3,0.866666666666667,0.79933110367893
"iris","Fold_5","fda",0.1,1,0.333333333333333,0
"iris","Fold_5","fda",0.2,1,0.333333333333333,0
"iris","Fold_5","fda",0.3,1,0.333333333333333,0
"iris","Fold_5","fda",0.1,1,0.333333333333333,0
"iris","Fold_5","fda",0.2,1,0.333333333333333,0
"iris","Fold_5","fda",0.3,1,0.333333333333333,0
"iris","Fold_5","gbm",0.1,1,0.333333333333333,0
"iris","Fold_5","gbm",0.2,0.5,0.666666666666667,0.5
"iris","Fold_5","gbm",0.3,0.1,0.933333333333333,0.899665551839465
"iris","Fold_5","gbm",0.1,1,0.333333333333333,0
"iris","Fold_5","gbm",0.2,1,0.333333333333333,0
"iris","Fold_5","gbm",0.3,0.5,0.7,0.551495016611296
"iris","Fold_5","gbm",0.1,1,0.333333333333333,0
"iris","Fold_5","gbm",0.2,1,0.333333333333333,0
"iris","Fold_5","gbm",0.3,0.8,0.5,0.254966887417219
"iris","Fold_5","gcvEarth",0.1,1,0.333333333333333,0
"iris","Fold_5","gcvEarth",0.2,0.6,0.533333333333333,0.304635761589404
"iris","Fold_5","gcvEarth",0.3,0.4,0.8,0.7
"iris","Fold_5","gcvEarth",0.1,1,0.333333333333333,0
"iris","Fold_5","gcvEarth",0.2,1,0.3,-0.0482529118136439
"iris","Fold_5","gcvEarth",0.3,0.7,0.566666666666667,0.356435643564356
"iris","Fold_5","gcvEarth",0.1,1,0.333333333333333,0
"iris","Fold_5","gcvEarth",0.2,1,0.3,-0.0482529118136439
"iris","Fold_5","gcvEarth",0.3,0.9,0.433333333333333,0.155629139072848
"iris","Fold_5","JRip",0.1,1,0.333333333333333,0
"iris","Fold_5","JRip",0.2,0.6,0.6,0.4
"iris","Fold_5","JRip",0.3,0.2,0.866666666666667,0.79933110367893
"iris","Fold_5","JRip",0.1,1,0.333333333333333,0
"iris","Fold_5","JRip",0.2,1,0.333333333333333,0
"iris","Fold_5","JRip",0.3,0.6,0.6,0.4
"iris","Fold_5","JRip",0.1,1,0.333333333333333,0
"iris","Fold_5","JRip",0.2,1,0.333333333333333,0
"iris","Fold_5","JRip",0.3,0.9,0.4,0.1
"iris","Fold_5","lvq",0.1,1,0.333333333333333,0
"iris","Fold_5","lvq",0.2,0.7,0.533333333333333,0.297658862876254
"iris","Fold_5","lvq",0.3,0.7,0.533333333333333,0.297658862876254
"iris","Fold_5","lvq",0.1,1,0.333333333333333,0
"iris","Fold_5","lvq",0.2,0.9,0.4,0.1
"iris","Fold_5","lvq",0.3,1,0.333333333333333,0
"iris","Fold_5","lvq",0.1,1,0.333333333333333,0
"iris","Fold_5","lvq",0.2,1,0.333333333333333,0
"iris","Fold_5","lvq",0.3,1,0.333333333333333,0
"iris","Fold_5","mlpML",0.1,1,0.333333333333333,0
"iris","Fold_5","mlpML",0.2,0.4,0.7,0.55
"iris","Fold_5","mlpML",0.3,0.2,0.833333333333333,0.75
"iris","Fold_5","mlpML",0.1,1,0.333333333333333,0
"iris","Fold_5","mlpML",0.2,1,0.333333333333333,0
"iris","Fold_5","mlpML",0.3,0.6,0.6,0.4
"iris","Fold_5","mlpML",0.1,1,0.333333333333333,0
"iris","Fold_5","mlpML",0.2,1,0.333333333333333,0
"iris","Fold_5","mlpML",0.3,0.9,0.4,0.1
"iris","Fold_5","multinom",0.1,1,0.333333333333333,0
"iris","Fold_5","multinom",0.2,0.6,0.6,0.4
"iris","Fold_5","multinom",0.3,0.2,0.933333333333333,0.9
"iris","Fold_5","multinom",0.1,1,0.333333333333333,0
"iris","Fold_5","multinom",0.2,1,0.333333333333333,0
"iris","Fold_5","multinom",0.3,0.6,0.633333333333333,0.45
"iris","Fold_5","multinom",0.1,1,0.333333333333333,0
"iris","Fold_5","multinom",0.2,1,0.333333333333333,0
"iris","Fold_5","multinom",0.3,0.9,0.466666666666667,0.2
"iris","Fold_5","naive_bayes",0.1,0.8,0.466666666666667,0.2
"iris","Fold_5","naive_bayes",0.2,1,0.466666666666667,0.2
"iris","Fold_5","naive_bayes",0.3,0.8,0.466666666666667,0.2
"iris","Fold_5","naive_bayes",0.1,1,0.466666666666667,0.2
"iris","Fold_5","naive_bayes",0.2,1,0.466666666666667,0.2
"iris","Fold_5","naive_bayes",0.3,1,0.466666666666667,0.2
"iris","Fold_5","naive_bayes",0.1,1,0.466666666666667,0.2
"iris","Fold_5","naive_bayes",0.2,1,0.466666666666667,0.2
"iris","Fold_5","naive_bayes",0.3,1,0.466666666666667,0.2
"iris","Fold_5","PART",0.1,1,0.333333333333333,0
"iris","Fold_5","PART",0.2,0.5,0.733333333333333,0.6
"iris","Fold_5","PART",0.3,0.4,0.733333333333333,0.601328903654485
"iris","Fold_5","PART",0.1,1,0.333333333333333,0
"iris","Fold_5","PART",0.2,0.8,0.533333333333333,0.298831385642738
"iris","Fold_5","PART",0.3,0.6,0.566666666666667,0.353233830845771
"iris","Fold_5","PART",0.1,1,0.333333333333333,0
"iris","Fold_5","PART",0.2,1,0.333333333333333,0.00166389351081532
"iris","Fold_5","PART",0.3,1,0.3,-0.0413223140495868
"iris","Fold_5","rbfDDA",0.1,1,0.333333333333333,0
"iris","Fold_5","rbfDDA",0.2,0.2,0.833333333333333,0.749582637729549
"iris","Fold_5","rbfDDA",0.3,0.3,0.733333333333333,0.601328903654485
"iris","Fold_5","rbfDDA",0.1,1,0.333333333333333,0
"iris","Fold_5","rbfDDA",0.2,0.5,0.666666666666667,0.501661129568106
"iris","Fold_5","rbfDDA",0.3,0.5,0.666666666666667,0.501661129568106
"iris","Fold_5","rbfDDA",0.1,1,0.333333333333333,0
"iris","Fold_5","rbfDDA",0.2,1,0.333333333333333,0
"iris","Fold_5","rbfDDA",0.3,1,0.333333333333333,0
"iris","Fold_5","rda",0.1,1,0.333333333333333,0
"iris","Fold_5","rda",0.2,1,0.333333333333333,0
"iris","Fold_5","rda",0.3,0.5,0.666666666666667,0.5
"iris","Fold_5","rda",0.1,1,0.333333333333333,0
"iris","Fold_5","rda",0.2,1,0.333333333333333,0
"iris","Fold_5","rda",0.3,1,0.333333333333333,0
"iris","Fold_5","rda",0.1,1,0.333333333333333,0
"iris","Fold_5","rda",0.2,1,0.333333333333333,0
"iris","Fold_5","rda",0.3,1,0.333333333333333,0
"iris","Fold_5","rf",0.1,1,0.333333333333333,0
"iris","Fold_5","rf",0.2,0.6,0.633333333333333,0.450915141430948
"iris","Fold_5","rf",0.3,0.5,0.7,0.549248747913189
"iris","Fold_5","rf",0.1,1,0.333333333333333,0
"iris","Fold_5","rf",0.2,1,0.333333333333333,0
"iris","Fold_5","rf",0.3,1,0.333333333333333,0
"iris","Fold_5","rf",0.1,1,0.333333333333333,0
"iris","Fold_5","rf",0.2,1,0.333333333333333,0
"iris","Fold_5","rf",0.3,1,0.333333333333333,0
"iris","Fold_5","rpart",0.1,1,0.333333333333333,0
"iris","Fold_5","rpart",0.2,1,0.333333333333333,0
"iris","Fold_5","rpart",0.3,0.5,0.7,0.552238805970149
"iris","Fold_5","rpart",0.1,1,0.333333333333333,0
"iris","Fold_5","rpart",0.2,1,0.333333333333333,0
"iris","Fold_5","rpart",0.3,0.9,0.466666666666667,0.203980099502488
"iris","Fold_5","rpart",0.1,1,0.333333333333333,0
"iris","Fold_5","rpart",0.2,1,0.333333333333333,0
"iris","Fold_5","rpart",0.3,1,0.4,0.104477611940299
"iris","Fold_5","simpls",0.1,1,0.333333333333333,0
"iris","Fold_5","simpls",0.2,1,0.333333333333333,0
"iris","Fold_5","simpls",0.3,1,0.333333333333333,0
"iris","Fold_5","simpls",0.1,1,0.333333333333333,0
"iris","Fold_5","simpls",0.2,1,0.333333333333333,0
"iris","Fold_5","simpls",0.3,1,0.333333333333333,0
"iris","Fold_5","simpls",0.1,1,0.333333333333333,0
"iris","Fold_5","simpls",0.2,1,0.333333333333333,0
"iris","Fold_5","simpls",0.3,1,0.333333333333333,0
"iris","Fold_5","svmLinear",0.1,1,0.333333333333333,0
"iris","Fold_5","svmLinear",0.2,1,0.333333333333333,0
"iris","Fold_5","svmLinear",0.3,0.8,0.466666666666667,0.2
"iris","Fold_5","svmLinear",0.1,1,0.333333333333333,0
"iris","Fold_5","svmLinear",0.2,1,0.333333333333333,0
"iris","Fold_5","svmLinear",0.3,1,0.333333333333333,0
"iris","Fold_5","svmLinear",0.1,1,0.333333333333333,0
"iris","Fold_5","svmLinear",0.2,1,0.333333333333333,0
"iris","Fold_5","svmLinear",0.3,1,0.333333333333333,0
"iris","Fold_5","svmRadial",0.1,1,0.333333333333333,0
"iris","Fold_5","svmRadial",0.2,1,0.333333333333333,0
"iris","Fold_5","svmRadial",0.3,0.7,0.5,0.251247920133111
"iris","Fold_5","svmRadial",0.1,1,0.333333333333333,0
"iris","Fold_5","svmRadial",0.2,1,0.333333333333333,0
"iris","Fold_5","svmRadial",0.3,1,0.333333333333333,0
"iris","Fold_5","svmRadial",0.1,1,0.333333333333333,0
"iris","Fold_5","svmRadial",0.2,1,0.333333333333333,0
"iris","Fold_5","svmRadial",0.3,1,0.333333333333333,0
"iris","Fold_5","rfRules",0.1,1,0.333333333333333,0
"iris","Fold_5","rfRules",0.2,1,0.333333333333333,0
"iris","Fold_5","rfRules",0.3,0.5,0.7,0.546979865771812
"iris","Fold_5","rfRules",0.1,1,0.333333333333333,0
"iris","Fold_5","rfRules",0.2,1,0.333333333333333,0
"iris","Fold_5","rfRules",0.3,1,0.366666666666667,0.0452261306532663
"iris","Fold_5","rfRules",0.1,1,0.333333333333333,0
"iris","Fold_5","rfRules",0.2,1,0.333333333333333,0
"iris","Fold_5","rfRules",0.3,1,0.366666666666667,0.0452261306532663
"iris","Fold_5","knn",0.1,1,0.333333333333333,0
"iris","Fold_5","knn",0.2,1,0.333333333333333,0
"iris","Fold_5","knn",0.3,0.7,0.533333333333333,0.295302013422819
"iris","Fold_5","knn",0.1,1,0.333333333333333,0
"iris","Fold_5","knn",0.2,1,0.333333333333333,0
"iris","Fold_5","knn",0.3,1,0.333333333333333,0
"iris","Fold_5","knn",0.1,1,0.333333333333333,0
"iris","Fold_5","knn",0.2,1,0.333333333333333,0
"iris","Fold_5","knn",0.3,1,0.333333333333333,0
"iris","Fold_5","bayesglm",0.1,1,0.333333333333333,0
"iris","Fold_5","bayesglm",0.2,1,0.333333333333333,0
"iris","Fold_5","bayesglm",0.3,0.8,0.533333333333333,0.222222222222222
"iris","Fold_5","bayesglm",0.1,1,0.333333333333333,0
"iris","Fold_5","bayesglm",0.2,1,0.333333333333333,0
"iris","Fold_5","bayesglm",0.3,1,0.333333333333333,0
"iris","Fold_5","bayesglm",0.1,1,0.333333333333333,0
"iris","Fold_5","bayesglm",0.2,1,0.333333333333333,0
"iris","Fold_5","bayesglm",0.3,1,0.333333333333333,0
