"Wifes_age","Wifes_education","Husbands_education","Number_of_children_ever_born","Wifes_religion","Wifes_now_working","Husbands_occupation","Standard_of_living_index","Media_exposure","class","dataset_name","altered_attribute","noise_level"
18.98,"2","3",3,"1","1","2","3","0","P","cmc","Wifes_age",0.8
52.66,"1","3",10,"1","1","3","4","0","P","cmc","Wifes_age",0.8
46.13,"2","3",7,"1","1","3","4","0","P","cmc","Wifes_age",0.8
45.97,"3","2",9,"1","1","3","3","0","P","cmc","Wifes_age",0.8
47.02,"3","3",8,"1","1","3","2","0","P","cmc","Wifes_age",0.8
8.08,"4","4",0,"1","1","3","3","0","P","cmc","Wifes_age",0.8
42.9,"2","3",6,"1","1","3","2","0","P","cmc","Wifes_age",0.8
24.2,"3","3",1,"1","0","3","2","0","P","cmc","Wifes_age",0.8
19.18,"2","3",3,"1","1","3","4","0","P","cmc","Wifes_age",0.8
47.32,"1","1",8,"1","1","2","2","1","P","cmc","Wifes_age",0.8
37.95,"1","3",2,"1","0","3","3","1","P","cmc","Wifes_age",0.8
39.69,"1","4",4,"1","1","1","3","0","P","cmc","Wifes_age",0.8
38.2,"4","4",1,"1","0","1","4","0","P","cmc","Wifes_age",0.8
49.89,"2","4",1,"1","0","3","3","0","P","cmc","Wifes_age",0.8
37.18,"3","4",2,"1","1","2","3","0","P","cmc","Wifes_age",0.8
38.08,"2","4",0,"1","1","4","1","0","P","cmc","Wifes_age",0.8
42.74,"1","1",7,"1","1","2","4","0","P","cmc","Wifes_age",0.8
42.68,"2","2",6,"1","1","2","4","0","P","cmc","Wifes_age",0.8
46.71,"2","2",8,"1","1","2","3","0","P","cmc","Wifes_age",0.8
47.51,"2","1",5,"1","1","2","1","1","P","cmc","Wifes_age",0.8
37.65,"3","4",1,"1","0","4","1","0","P","cmc","Wifes_age",0.8
16.68,"3","4",0,"1","0","3","1","0","P","cmc","Wifes_age",0.8
50.56,"4","4",1,"0","1","1","4","0","P","cmc","Wifes_age",0.8
41.4,"4","4",1,"1","1","1","4","0","P","cmc","Wifes_age",0.8
42.7,"4","4",5,"1","1","1","4","0","P","cmc","Wifes_age",0.8
47.03,"2","4",8,"1","1","3","3","0","P","cmc","Wifes_age",0.8
45.78,"4","4",1,"1","0","1","4","0","P","cmc","Wifes_age",0.8
29.7,"4","4",0,"1","0","1","4","0","P","cmc","Wifes_age",0.8
17.37,"4","4",0,"1","0","2","2","0","P","cmc","Wifes_age",0.8
43.08,"1","2",8,"1","1","2","4","0","P","cmc","Wifes_age",0.8
39.07,"3","4",2,"1","1","1","4","0","P","cmc","Wifes_age",0.8
30.99,"4","4",2,"1","1","3","2","0","P","cmc","Wifes_age",0.8
17.63,"2","4",0,"1","0","1","2","0","P","cmc","Wifes_age",0.8
35.83,"2","2",2,"1","1","3","1","0","P","cmc","Wifes_age",0.8
22.39,"2","3",1,"1","1","3","3","0","P","cmc","Wifes_age",0.8
41.39,"1","3",9,"1","1","3","2","1","P","cmc","Wifes_age",0.8
37.61,"1","2",8,"1","0","3","1","0","P","cmc","Wifes_age",0.8
11.73,"3","3",4,"1","1","3","2","0","P","cmc","Wifes_age",0.8
47.1,"2","2",3,"1","1","3","4","0","P","cmc","Wifes_age",0.8
26.68,"2","2",1,"1","1","2","4","0","P","cmc","Wifes_age",0.8
23.83,"1","1",3,"1","1","3","1","0","P","cmc","Wifes_age",0.8
49,"2","3",0,"1","0","1","3","0","P","cmc","Wifes_age",0.8
48.63,"2","4",2,"1","1","1","3","0","P","cmc","Wifes_age",0.8
46.17,"4","4",2,"0","1","1","4","0","P","cmc","Wifes_age",0.8
31.02,"2","2",1,"1","1","3","2","0","P","cmc","Wifes_age",0.8
32.51,"1","4",1,"1","1","2","1","0","P","cmc","Wifes_age",0.8
40.39,"4","4",2,"1","1","2","3","0","P","cmc","Wifes_age",0.8
39.36,"4","4",0,"1","1","2","4","0","P","cmc","Wifes_age",0.8
12.56,"4","4",1,"1","1","1","4","0","P","cmc","Wifes_age",0.8
28.85,"4","4",0,"1","0","1","4","0","P","cmc","Wifes_age",0.8
33.61,"4","4",0,"1","0","1","4","0","P","cmc","Wifes_age",0.8
52.89,"4","4",7,"0","1","2","4","0","P","cmc","Wifes_age",0.8
48.63,"3","4",8,"1","1","3","3","0","P","cmc","Wifes_age",0.8
35.6,"4","4",1,"0","0","2","3","0","P","cmc","Wifes_age",0.8
31.1,"2","4",5,"1","1","2","3","0","P","cmc","Wifes_age",0.8
3.92,"2","2",2,"1","1","2","2","1","P","cmc","Wifes_age",0.8
50.29,"4","4",5,"1","0","1","4","0","P","cmc","Wifes_age",0.8
42.68,"3","4",7,"1","1","2","1","0","P","cmc","Wifes_age",0.8
28.11,"2","3",0,"1","1","3","4","0","P","cmc","Wifes_age",0.8
49.94,"4","4",6,"1","1","1","2","0","P","cmc","Wifes_age",0.8
39.95,"3","3",10,"1","1","3","3","0","P","cmc","Wifes_age",0.8
23.43,"2","3",1,"1","1","2","3","0","P","cmc","Wifes_age",0.8
44.65,"1","2",2,"1","0","1","3","0","P","cmc","Wifes_age",0.8
22.68,"2","3",1,"1","1","2","1","0","P","cmc","Wifes_age",0.8
17.47,"2","4",1,"1","0","1","3","0","P","cmc","Wifes_age",0.8
27.94,"2","4",1,"1","1","3","1","0","P","cmc","Wifes_age",0.8
41.06,"4","2",8,"1","1","3","3","0","P","cmc","Wifes_age",0.8
23.96,"2","3",3,"1","1","3","1","0","P","cmc","Wifes_age",0.8
18.65,"3","4",2,"1","1","3","4","0","P","cmc","Wifes_age",0.8
24.34,"4","4",1,"1","0","3","3","0","P","cmc","Wifes_age",0.8
54.13,"2","3",4,"1","1","2","3","0","P","cmc","Wifes_age",0.8
49.5,"2","3",8,"1","1","1","4","0","P","cmc","Wifes_age",0.8
25.3,"2","3",1,"1","1","1","1","0","P","cmc","Wifes_age",0.8
33.65,"2","3",1,"1","1","1","2","0","P","cmc","Wifes_age",0.8
22.97,"3","4",0,"1","1","2","3","0","P","cmc","Wifes_age",0.8
22.55,"3","4",1,"1","1","2","3","0","P","cmc","Wifes_age",0.8
29.72,"4","4",0,"1","0","2","4","0","P","cmc","Wifes_age",0.8
50.75,"3","4",3,"1","1","1","4","0","P","cmc","Wifes_age",0.8
37.62,"2","3",2,"1","1","3","2","0","P","cmc","Wifes_age",0.8
35.15,"4","4",1,"1","0","1","4","0","P","cmc","Wifes_age",0.8
27.94,"4","4",0,"0","1","1","4","0","P","cmc","Wifes_age",0.8
41.97,"4","4",6,"0","0","1","4","0","P","cmc","Wifes_age",0.8
30.18,"2","4",1,"1","0","4","4","0","P","cmc","Wifes_age",0.8
32.14,"4","4",0,"0","0","1","4","0","P","cmc","Wifes_age",0.8
23.26,"4","4",2,"1","1","1","4","0","P","cmc","Wifes_age",0.8
36.43,"4","4",2,"1","1","1","4","0","P","cmc","Wifes_age",0.8
29.93,"4","4",1,"1","1","1","3","0","P","cmc","Wifes_age",0.8
17.3,"4","4",3,"0","1","1","4","0","P","cmc","Wifes_age",0.8
16.62,"2","4",4,"1","1","1","4","0","P","cmc","Wifes_age",0.8
24.35,"2","2",3,"1","0","2","1","0","P","cmc","Wifes_age",0.8
25.01,"2","3",0,"1","1","2","1","0","P","cmc","Wifes_age",0.8
41.03,"2","4",6,"1","1","1","4","0","P","cmc","Wifes_age",0.8
26.26,"2","2",3,"1","1","2","1","0","P","cmc","Wifes_age",0.8
34.18,"2","2",1,"1","0","3","2","0","P","cmc","Wifes_age",0.8
49.99,"1","2",3,"1","1","1","3","0","P","cmc","Wifes_age",0.8
38.73,"1","3",10,"1","1","2","3","1","P","cmc","Wifes_age",0.8
45.14,"2","3",1,"1","0","2","3","0","P","cmc","Wifes_age",0.8
26.44,"4","4",5,"1","1","2","1","0","P","cmc","Wifes_age",0.8
14.23,"2","2",3,"1","1","3","1","0","P","cmc","Wifes_age",0.8
29.78,"2","3",5,"1","1","2","1","0","P","cmc","Wifes_age",0.8
19.43,"1","2",4,"1","1","3","1","1","P","cmc","Wifes_age",0.8
25.66,"2","3",0,"1","0","2","2","0","P","cmc","Wifes_age",0.8
30.84,"2","4",3,"1","0","3","2","0","P","cmc","Wifes_age",0.8
18.79,"4","3",4,"1","1","2","3","0","P","cmc","Wifes_age",0.8
29.23,"2","4",2,"1","1","3","3","0","P","cmc","Wifes_age",0.8
49.82,"3","3",3,"1","1","3","2","0","P","cmc","Wifes_age",0.8
21.45,"4","4",0,"1","1","1","1","0","P","cmc","Wifes_age",0.8
33.25,"3","4",4,"1","0","1","3","0","P","cmc","Wifes_age",0.8
43.98,"2","3",2,"1","1","3","1","0","P","cmc","Wifes_age",0.8
21.9,"2","3",3,"1","1","3","1","0","P","cmc","Wifes_age",0.8
43.9,"4","4",1,"1","0","3","3","0","P","cmc","Wifes_age",0.8
20.45,"3","3",7,"1","0","2","3","0","P","cmc","Wifes_age",0.8
15.41,"4","4",1,"1","1","1","4","0","P","cmc","Wifes_age",0.8
23.22,"2","2",4,"1","1","3","3","0","P","cmc","Wifes_age",0.8
28.25,"3","4",0,"1","1","1","3","0","P","cmc","Wifes_age",0.8
41.87,"4","4",1,"1","1","1","4","0","P","cmc","Wifes_age",0.8
36.51,"4","4",3,"0","0","3","3","0","P","cmc","Wifes_age",0.8
48.85,"3","4",1,"1","1","1","3","0","P","cmc","Wifes_age",0.8
48.53,"4","3",5,"1","1","2","3","0","P","cmc","Wifes_age",0.8
29.37,"2","3",2,"1","1","3","3","0","P","cmc","Wifes_age",0.8
37.51,"1","2",1,"1","1","2","4","1","P","cmc","Wifes_age",0.8
43.52,"2","3",5,"1","1","2","3","0","P","cmc","Wifes_age",0.8
23.49,"3","4",2,"1","1","3","3","0","P","cmc","Wifes_age",0.8
7.43,"2","3",1,"0","1","3","2","0","P","cmc","Wifes_age",0.8
47.99,"2","1",3,"1","0","3","2","0","P","cmc","Wifes_age",0.8
38.76,"3","4",2,"1","1","1","2","1","P","cmc","Wifes_age",0.8
30.77,"4","4",1,"1","1","1","3","0","P","cmc","Wifes_age",0.8
32.02,"2","3",2,"1","1","3","2","1","P","cmc","Wifes_age",0.8
38.64,"1","3",2,"1","0","2","2","1","P","cmc","Wifes_age",0.8
12.04,"3","4",0,"1","1","1","3","0","P","cmc","Wifes_age",0.8
35.75,"3","4",3,"1","1","3","1","0","P","cmc","Wifes_age",0.8
39.36,"4","4",0,"0","0","1","3","0","P","cmc","Wifes_age",0.8
43.07,"1","2",8,"1","1","3","1","0","P","cmc","Wifes_age",0.8
27.74,"3","4",1,"1","1","3","1","1","P","cmc","Wifes_age",0.8
23.26,"4","4",1,"1","1","1","3","0","P","cmc","Wifes_age",0.8
16.8,"3","3",3,"1","0","2","4","0","P","cmc","Wifes_age",0.8
30.04,"4","4",2,"1","1","3","3","0","P","cmc","Wifes_age",0.8
20.58,"3","3",2,"1","1","2","2","0","P","cmc","Wifes_age",0.8
29.72,"4","4",2,"0","1","3","1","0","P","cmc","Wifes_age",0.8
18.52,"4","4",1,"1","1","1","4","0","P","cmc","Wifes_age",0.8
36.44,"4","4",2,"1","1","1","3","0","P","cmc","Wifes_age",0.8
40.16,"4","4",0,"0","0","3","3","0","P","cmc","Wifes_age",0.8
50.35,"4","4",1,"1","0","1","3","0","P","cmc","Wifes_age",0.8
20.8,"4","4",2,"0","1","3","3","0","P","cmc","Wifes_age",0.8
36.2,"2","4",2,"1","1","3","4","0","P","cmc","Wifes_age",0.8
36.02,"4","4",3,"1","1","1","4","0","P","cmc","Wifes_age",0.8
46.5,"4","4",4,"1","1","2","3","0","P","cmc","Wifes_age",0.8
45.62,"4","4",2,"1","1","1","4","0","P","cmc","Wifes_age",0.8
30.97,"4","4",1,"1","0","1","3","0","P","cmc","Wifes_age",0.8
54.02,"4","4",5,"1","1","1","4","0","P","cmc","Wifes_age",0.8
25.4,"4","4",3,"1","1","2","4","0","P","cmc","Wifes_age",0.8
12.33,"1","3",4,"1","1","3","2","0","P","cmc","Wifes_age",0.8
40.44,"3","4",2,"1","1","1","4","1","P","cmc","Wifes_age",0.8
30.64,"4","4",2,"1","1","2","4","0","P","cmc","Wifes_age",0.8
37.47,"1","2",4,"1","1","2","2","0","P","cmc","Wifes_age",0.8
44.96,"1","1",7,"1","1","2","3","1","P","cmc","Wifes_age",0.8
35.43,"4","4",2,"1","0","2","4","0","P","cmc","Wifes_age",0.8
32.61,"2","4",4,"1","1","3","2","0","P","cmc","Wifes_age",0.8
44.36,"1","4",5,"1","1","1","2","1","P","cmc","Wifes_age",0.8
29.43,"2","2",2,"1","1","3","1","0","P","cmc","Wifes_age",0.8
26.46,"1","1",3,"1","1","2","1","1","P","cmc","Wifes_age",0.8
29.78,"4","4",0,"1","0","1","4","0","P","cmc","Wifes_age",0.8
41.86,"1","3",0,"1","1","2","3","0","P","cmc","Wifes_age",0.8
43.65,"3","3",1,"1","0","3","3","0","P","cmc","Wifes_age",0.8
21.97,"4","4",4,"1","1","2","3","0","P","cmc","Wifes_age",0.8
34.02,"3","4",1,"1","1","2","4","0","P","cmc","Wifes_age",0.8
59.2,"3","4",5,"1","1","1","4","0","P","cmc","Wifes_age",0.8
4.72,"4","4",1,"1","1","1","4","0","P","cmc","Wifes_age",0.8
29.29,"4","4",0,"1","1","2","4","0","P","cmc","Wifes_age",0.8
10.4,"3","4",0,"1","0","2","4","0","P","cmc","Wifes_age",0.8
46.83,"4","4",4,"1","1","1","4","0","P","cmc","Wifes_age",0.8
49.76,"2","2",8,"1","0","3","1","0","P","cmc","Wifes_age",0.8
12.67,"2","4",1,"1","1","2","4","0","P","cmc","Wifes_age",0.8
12.49,"3","3",2,"1","1","3","4","0","P","cmc","Wifes_age",0.8
26.11,"3","2",2,"1","1","3","2","0","P","cmc","Wifes_age",0.8
33.98,"2","4",0,"1","0","3","4","0","P","cmc","Wifes_age",0.8
33.33,"4","4",0,"0","1","1","3","0","P","cmc","Wifes_age",0.8
36.44,"2","4",4,"1","0","1","4","0","P","cmc","Wifes_age",0.8
40.79,"2","4",2,"1","0","2","4","0","P","cmc","Wifes_age",0.8
47.37,"2","1",10,"1","0","2","4","0","P","cmc","Wifes_age",0.8
38.84,"4","4",2,"1","0","1","4","0","P","cmc","Wifes_age",0.8
25,"2","4",1,"1","1","2","2","0","P","cmc","Wifes_age",0.8
38.7,"1","3",12,"1","1","3","3","0","P","cmc","Wifes_age",0.8
42.93,"2","1",3,"1","0","4","3","0","P","cmc","Wifes_age",0.8
48.39,"3","4",5,"1","0","2","2","0","P","cmc","Wifes_age",0.8
34.71,"2","3",1,"1","1","3","4","0","P","cmc","Wifes_age",0.8
16.61,"2","4",0,"1","1","3","2","0","P","cmc","Wifes_age",0.8
35.39,"2","3",4,"1","1","3","1","1","P","cmc","Wifes_age",0.8
21.75,"3","3",2,"1","1","3","2","0","P","cmc","Wifes_age",0.8
33.64,"3","2",3,"1","1","3","2","0","P","cmc","Wifes_age",0.8
24.62,"1","2",4,"1","1","4","1","0","P","cmc","Wifes_age",0.8
24.73,"3","4",3,"1","0","3","2","0","P","cmc","Wifes_age",0.8
43.65,"1","1",11,"1","1","4","1","1","P","cmc","Wifes_age",0.8
20.97,"3","3",2,"1","1","3","3","0","P","cmc","Wifes_age",0.8
22.64,"3","4",0,"1","0","3","1","0","P","cmc","Wifes_age",0.8
49.21,"1","2",6,"1","1","3","3","1","P","cmc","Wifes_age",0.8
35.25,"2","2",3,"1","0","3","1","0","P","cmc","Wifes_age",0.8
41.56,"3","4",6,"1","1","2","4","0","P","cmc","Wifes_age",0.8
21.6,"1","1",5,"1","1","2","2","0","P","cmc","Wifes_age",0.8
28.94,"2","4",2,"1","1","3","3","0","P","cmc","Wifes_age",0.8
42.24,"1","4",11,"0","1","2","2","1","P","cmc","Wifes_age",0.8
12.03,"2","4",0,"1","1","3","3","0","P","cmc","Wifes_age",0.8
34.84,"2","4",2,"1","0","2","4","0","P","cmc","Wifes_age",0.8
22.35,"2","3",2,"1","1","3","3","0","P","cmc","Wifes_age",0.8
41.67,"3","4",1,"1","1","1","2","0","P","cmc","Wifes_age",0.8
28.76,"2","3",2,"1","1","3","1","0","P","cmc","Wifes_age",0.8
23.99,"2","4",0,"1","1","3","1","0","P","cmc","Wifes_age",0.8
25.38,"3","4",0,"1","0","2","3","0","P","cmc","Wifes_age",0.8
33.72,"4","4",1,"1","1","1","4","0","P","cmc","Wifes_age",0.8
37.37,"2","3",3,"1","0","3","2","0","P","cmc","Wifes_age",0.8
41.13,"3","3",1,"0","1","3","4","0","P","cmc","Wifes_age",0.8
47.03,"1","2",1,"1","0","3","3","0","P","cmc","Wifes_age",0.8
28.1,"3","4",3,"1","1","3","2","0","P","cmc","Wifes_age",0.8
54.63,"1","3",5,"1","1","3","2","0","P","cmc","Wifes_age",0.8
37.08,"1","3",8,"1","1","3","1","0","P","cmc","Wifes_age",0.8
34.12,"3","4",2,"1","0","2","2","0","P","cmc","Wifes_age",0.8
52.65,"3","2",1,"1","1","3","3","0","P","cmc","Wifes_age",0.8
40.92,"3","2",8,"1","0","2","3","1","P","cmc","Wifes_age",0.8
35.8,"3","2",4,"1","1","2","2","1","P","cmc","Wifes_age",0.8
33,"3","3",2,"1","0","2","3","0","P","cmc","Wifes_age",0.8
21.81,"2","3",1,"1","1","3","3","0","P","cmc","Wifes_age",0.8
37.43,"3","4",0,"1","1","3","3","0","P","cmc","Wifes_age",0.8
32.17,"1","2",2,"1","1","2","2","1","P","cmc","Wifes_age",0.8
25.71,"1","2",0,"1","1","2","4","0","P","cmc","Wifes_age",0.8
50.79,"4","4",4,"1","1","1","4","0","P","cmc","Wifes_age",0.8
30.2,"4","4",4,"1","0","1","3","0","P","cmc","Wifes_age",0.8
30.06,"3","3",2,"1","1","1","4","0","P","cmc","Wifes_age",0.8
57.01,"1","3",1,"1","1","2","3","1","P","cmc","Wifes_age",0.8
45.73,"1","4",8,"1","1","3","3","0","P","cmc","Wifes_age",0.8
23.56,"3","4",0,"1","1","3","2","0","P","cmc","Wifes_age",0.8
38.3,"1","3",4,"1","1","3","4","1","P","cmc","Wifes_age",0.8
40.52,"2","4",1,"1","1","1","3","0","P","cmc","Wifes_age",0.8
18.96,"3","4",0,"1","0","3","1","0","P","cmc","Wifes_age",0.8
24.86,"2","3",1,"1","1","2","4","0","P","cmc","Wifes_age",0.8
33.24,"1","1",5,"1","0","3","1","1","P","cmc","Wifes_age",0.8
31.19,"2","3",1,"1","0","3","4","0","P","cmc","Wifes_age",0.8
32.11,"2","3",5,"1","0","3","2","0","P","cmc","Wifes_age",0.8
17.89,"4","4",1,"1","1","3","3","0","P","cmc","Wifes_age",0.8
34.81,"3","3",6,"1","1","3","3","0","P","cmc","Wifes_age",0.8
22.04,"3","3",1,"1","1","2","3","0","P","cmc","Wifes_age",0.8
7.72,"3","4",1,"1","1","2","3","0","P","cmc","Wifes_age",0.8
36.32,"3","3",4,"1","1","2","2","0","P","cmc","Wifes_age",0.8
43.88,"1","4",4,"1","1","3","3","0","P","cmc","Wifes_age",0.8
22.68,"4","4",2,"1","1","1","3","0","P","cmc","Wifes_age",0.8
36.51,"3","4",4,"1","1","1","4","0","P","cmc","Wifes_age",0.8
42,"4","4",2,"0","1","1","4","0","P","cmc","Wifes_age",0.8
38.66,"4","4",2,"1","0","1","3","0","P","cmc","Wifes_age",0.8
26.32,"4","4",2,"1","1","1","4","0","P","cmc","Wifes_age",0.8
8.36,"4","4",1,"1","1","1","2","0","P","cmc","Wifes_age",0.8
52.6,"3","2",11,"1","0","2","2","1","P","cmc","Wifes_age",0.8
25.78,"4","4",3,"0","1","1","2","0","P","cmc","Wifes_age",0.8
21.65,"4","4",5,"1","1","3","3","0","P","cmc","Wifes_age",0.8
28.24,"3","3",1,"1","1","3","2","0","P","cmc","Wifes_age",0.8
32.22,"4","4",1,"1","0","1","4","0","P","cmc","Wifes_age",0.8
50.24,"1","3",4,"1","1","3","3","1","P","cmc","Wifes_age",0.8
35.65,"4","4",2,"1","1","3","3","0","P","cmc","Wifes_age",0.8
47.1,"3","4",2,"0","1","2","4","0","P","cmc","Wifes_age",0.8
42.64,"1","2",7,"1","1","3","4","0","P","cmc","Wifes_age",0.8
42.98,"2","2",1,"1","0","3","2","0","P","cmc","Wifes_age",0.8
32.3,"3","3",1,"0","1","3","4","0","P","cmc","Wifes_age",0.8
59.96,"1","2",7,"1","0","3","2","0","P","cmc","Wifes_age",0.8
47.85,"1","3",5,"1","0","3","2","0","P","cmc","Wifes_age",0.8
26.21,"3","3",3,"1","0","2","4","0","P","cmc","Wifes_age",0.8
11.61,"3","3",0,"1","1","2","2","0","P","cmc","Wifes_age",0.8
26.16,"2","4",5,"1","1","3","2","0","P","cmc","Wifes_age",0.8
27.15,"4","4",0,"1","1","1","3","0","P","cmc","Wifes_age",0.8
50.52,"3","4",6,"1","1","2","4","0","P","cmc","Wifes_age",0.8
45.82,"3","4",10,"1","0","3","2","0","P","cmc","Wifes_age",0.8
35.13,"3","3",7,"1","1","3","1","0","P","cmc","Wifes_age",0.8
43.89,"1","1",6,"1","0","3","1","0","P","cmc","Wifes_age",0.8
37.83,"4","4",2,"1","1","1","4","0","P","cmc","Wifes_age",0.8
32.53,"3","4",1,"1","1","3","4","0","P","cmc","Wifes_age",0.8
31.35,"3","4",1,"1","1","2","1","0","P","cmc","Wifes_age",0.8
48.94,"2","4",6,"0","1","2","3","0","P","cmc","Wifes_age",0.8
24.31,"3","4",2,"1","0","2","3","0","P","cmc","Wifes_age",0.8
17.68,"3","4",1,"0","1","2","3","0","P","cmc","Wifes_age",0.8
47.93,"2","1",5,"0","1","2","4","0","P","cmc","Wifes_age",0.8
39.21,"2","3",0,"1","1","2","4","0","P","cmc","Wifes_age",0.8
44.6,"3","4",6,"1","1","3","4","0","P","cmc","Wifes_age",0.8
48.69,"4","4",3,"1","1","2","4","0","P","cmc","Wifes_age",0.8
53.69,"2","3",6,"1","0","3","3","0","P","cmc","Wifes_age",0.8
32.79,"2","4",2,"1","1","3","1","0","P","cmc","Wifes_age",0.8
21.13,"4","4",0,"1","1","1","4","0","P","cmc","Wifes_age",0.8
38.29,"3","3",5,"1","1","3","4","0","P","cmc","Wifes_age",0.8
29.34,"2","4",2,"1","0","4","4","1","P","cmc","Wifes_age",0.8
37.81,"4","4",5,"0","1","2","4","0","P","cmc","Wifes_age",0.8
24.43,"4","4",0,"1","0","1","4","0","P","cmc","Wifes_age",0.8
26.36,"2","4",4,"1","1","3","3","0","P","cmc","Wifes_age",0.8
9.44,"2","1",0,"1","1","3","2","0","P","cmc","Wifes_age",0.8
34.82,"1","3",0,"1","1","2","2","1","P","cmc","Wifes_age",0.8
18.69,"4","4",1,"1","1","2","2","0","P","cmc","Wifes_age",0.8
34.29,"4","4",4,"1","1","1","4","0","P","cmc","Wifes_age",0.8
40.64,"1","2",2,"1","1","2","4","0","P","cmc","Wifes_age",0.8
44.42,"4","4",3,"1","1","3","4","0","P","cmc","Wifes_age",0.8
39.96,"4","4",1,"1","1","1","3","0","P","cmc","Wifes_age",0.8
50.65,"3","4",6,"1","1","1","4","0","P","cmc","Wifes_age",0.8
45.72,"3","4",9,"1","1","1","4","0","P","cmc","Wifes_age",0.8
30.21,"4","4",2,"1","1","1","4","0","P","cmc","Wifes_age",0.8
26.79,"4","4",3,"0","1","1","4","0","P","cmc","Wifes_age",0.8
29.19,"4","4",1,"1","1","1","4","0","P","cmc","Wifes_age",0.8
31.8,"1","2",7,"1","1","2","4","0","P","cmc","Wifes_age",0.8
20.05,"4","2",0,"1","0","2","2","0","P","cmc","Wifes_age",0.8
28.76,"3","3",1,"1","1","3","4","0","P","cmc","Wifes_age",0.8
28.71,"2","4",2,"1","1","3","4","0","P","cmc","Wifes_age",0.8
21.32,"4","4",1,"1","0","2","4","0","P","cmc","Wifes_age",0.8
21.68,"4","4",2,"1","0","3","3","0","P","cmc","Wifes_age",0.8
34.21,"1","2",2,"1","1","2","4","0","P","cmc","Wifes_age",0.8
30.38,"3","4",6,"1","1","1","4","0","P","cmc","Wifes_age",0.8
22.16,"3","3",0,"1","1","2","2","0","P","cmc","Wifes_age",0.8
20.37,"3","4",2,"1","1","2","3","0","P","cmc","Wifes_age",0.8
38.46,"3","4",3,"1","1","2","3","0","P","cmc","Wifes_age",0.8
21.64,"3","3",2,"1","0","2","4","0","P","cmc","Wifes_age",0.8
19.27,"1","4",2,"1","0","3","3","1","P","cmc","Wifes_age",0.8
41.82,"4","4",2,"1","1","3","4","0","P","cmc","Wifes_age",0.8
37.51,"2","2",0,"0","0","3","3","0","P","cmc","Wifes_age",0.8
42.17,"2","3",5,"0","0","2","4","0","P","cmc","Wifes_age",0.8
28.75,"1","4",2,"1","0","2","3","0","P","cmc","Wifes_age",0.8
37.44,"3","3",5,"1","0","3","4","0","P","cmc","Wifes_age",0.8
20.99,"3","4",1,"1","1","3","3","0","P","cmc","Wifes_age",0.8
33.35,"2","3",4,"0","1","2","4","0","P","cmc","Wifes_age",0.8
48.24,"4","4",3,"0","1","3","4","0","P","cmc","Wifes_age",0.8
37.33,"1","1",2,"1","0","3","4","0","P","cmc","Wifes_age",0.8
46.41,"3","4",2,"0","1","1","4","0","P","cmc","Wifes_age",0.8
22.33,"1","3",0,"1","0","3","4","1","P","cmc","Wifes_age",0.8
24.52,"4","4",1,"0","1","1","3","0","P","cmc","Wifes_age",0.8
26.19,"4","4",1,"0","1","2","3","0","P","cmc","Wifes_age",0.8
43.41,"1","3",4,"1","1","3","3","1","P","cmc","Wifes_age",0.8
37.08,"4","4",2,"0","1","3","4","0","P","cmc","Wifes_age",0.8
37.52,"4","4",4,"1","1","3","4","0","P","cmc","Wifes_age",0.8
54.38,"3","4",1,"0","1","3","4","0","P","cmc","Wifes_age",0.8
46.8,"3","4",1,"0","1","2","4","0","P","cmc","Wifes_age",0.8
27.01,"1","2",0,"1","0","4","4","0","P","cmc","Wifes_age",0.8
25.72,"1","2",1,"1","0","3","4","0","P","cmc","Wifes_age",0.8
47.83,"4","4",1,"0","1","1","4","0","P","cmc","Wifes_age",0.8
39.91,"4","4",1,"0","1","3","4","0","P","cmc","Wifes_age",0.8
21.68,"2","2",8,"1","1","2","2","1","P","cmc","Wifes_age",0.8
25.98,"4","3",0,"0","0","3","3","0","P","cmc","Wifes_age",0.8
35.96,"4","4",3,"1","0","2","4","0","P","cmc","Wifes_age",0.8
16.13,"4","4",0,"1","0","2","4","0","P","cmc","Wifes_age",0.8
34.6,"3","4",3,"1","1","2","1","0","P","cmc","Wifes_age",0.8
32.78,"2","3",4,"1","0","3","2","0","P","cmc","Wifes_age",0.8
46.8,"3","3",8,"1","1","4","3","0","P","cmc","Wifes_age",0.8
19.49,"4","4",0,"0","1","2","4","0","P","cmc","Wifes_age",0.8
39.06,"3","4",3,"0","1","3","4","0","P","cmc","Wifes_age",0.8
18.56,"4","4",1,"1","1","3","3","0","P","cmc","Wifes_age",0.8
16.81,"4","4",1,"0","1","2","4","0","P","cmc","Wifes_age",0.8
41.84,"4","4",1,"0","0","3","4","0","P","cmc","Wifes_age",0.8
37.62,"1","2",4,"1","1","3","2","1","P","cmc","Wifes_age",0.8
18.28,"2","2",3,"1","1","3","3","0","P","cmc","Wifes_age",0.8
33.03,"3","3",1,"1","1","3","1","0","P","cmc","Wifes_age",0.8
19.66,"2","2",2,"1","1","3","1","0","P","cmc","Wifes_age",0.8
23.73,"1","2",6,"1","1","3","1","1","P","cmc","Wifes_age",0.8
28.38,"2","2",2,"1","1","3","1","1","P","cmc","Wifes_age",0.8
41.84,"2","2",1,"1","1","2","1","0","P","cmc","Wifes_age",0.8
29.27,"2","3",8,"1","1","3","2","0","P","cmc","Wifes_age",0.8
42.06,"2","2",1,"1","0","3","2","1","P","cmc","Wifes_age",0.8
15.83,"2","4",2,"1","1","1","4","0","P","cmc","Wifes_age",0.8
30.09,"2","4",4,"1","1","3","4","0","P","cmc","Wifes_age",0.8
50.12,"2","3",0,"1","1","1","2","0","P","cmc","Wifes_age",0.8
20.91,"2","3",0,"1","1","2","4","0","P","cmc","Wifes_age",0.8
22.08,"3","4",1,"1","1","3","1","0","P","cmc","Wifes_age",0.8
45.41,"3","3",4,"1","1","2","4","0","P","cmc","Wifes_age",0.8
49.13,"1","3",0,"1","1","3","4","0","P","cmc","Wifes_age",0.8
38.16,"2","3",2,"1","0","2","4","0","P","cmc","Wifes_age",0.8
29.41,"3","2",0,"1","1","2","2","0","P","cmc","Wifes_age",0.8
23.13,"2","3",3,"1","1","3","4","0","P","cmc","Wifes_age",0.8
47.25,"3","3",3,"1","0","2","4","0","P","cmc","Wifes_age",0.8
16.84,"4","4",1,"1","1","2","3","0","P","cmc","Wifes_age",0.8
28.03,"2","3",7,"1","0","3","3","0","P","cmc","Wifes_age",0.8
10.1,"3","3",6,"1","1","3","3","0","P","cmc","Wifes_age",0.8
41.37,"3","3",5,"1","1","1","4","0","P","cmc","Wifes_age",0.8
34.15,"2","3",4,"1","1","2","3","0","P","cmc","Wifes_age",0.8
23.18,"2","3",1,"1","1","3","2","0","P","cmc","Wifes_age",0.8
39.15,"3","4",3,"1","1","1","4","0","P","cmc","Wifes_age",0.8
44.91,"1","3",0,"1","1","3","3","1","P","cmc","Wifes_age",0.8
22.24,"3","3",2,"1","1","2","2","0","P","cmc","Wifes_age",0.8
51.29,"3","3",3,"1","1","2","2","1","P","cmc","Wifes_age",0.8
27.03,"2","4",5,"1","1","2","3","0","P","cmc","Wifes_age",0.8
4.9,"2","3",1,"1","1","2","3","0","P","cmc","Wifes_age",0.8
40.93,"1","2",8,"1","1","3","3","1","P","cmc","Wifes_age",0.8
43.96,"3","3",6,"1","1","2","2","0","P","cmc","Wifes_age",0.8
34.93,"2","4",5,"0","1","2","2","0","P","cmc","Wifes_age",0.8
26.1,"2","3",2,"0","0","3","3","0","P","cmc","Wifes_age",0.8
34.48,"2","3",1,"1","0","2","1","0","P","cmc","Wifes_age",0.8
34.05,"2","4",5,"1","1","3","3","0","P","cmc","Wifes_age",0.8
40.4,"4","4",2,"1","0","1","4","0","P","cmc","Wifes_age",0.8
38.64,"4","4",3,"1","0","1","4","1","P","cmc","Wifes_age",0.8
20.23,"4","4",0,"0","1","3","4","0","P","cmc","Wifes_age",0.8
24.03,"2","4",1,"1","0","3","4","0","P","cmc","Wifes_age",0.8
24.92,"2","3",1,"1","1","3","4","0","P","cmc","Wifes_age",0.8
35.86,"4","4",0,"1","0","3","3","0","P","cmc","Wifes_age",0.8
21.31,"4","4",5,"1","1","3","4","0","P","cmc","Wifes_age",0.8
39.44,"1","4",6,"1","1","1","4","0","P","cmc","Wifes_age",0.8
15.13,"3","3",0,"1","1","3","4","0","P","cmc","Wifes_age",0.8
22.03,"4","4",0,"1","0","2","4","0","P","cmc","Wifes_age",0.8
39.15,"4","4",2,"0","1","1","4","0","P","cmc","Wifes_age",0.8
42.13,"1","3",6,"1","1","2","4","0","P","cmc","Wifes_age",0.8
41.36,"1","1",8,"1","0","2","2","1","P","cmc","Wifes_age",0.8
16.14,"2","2",0,"1","1","2","2","0","P","cmc","Wifes_age",0.8
48.99,"1","2",3,"1","1","2","1","1","P","cmc","Wifes_age",0.8
44.03,"1","2",2,"1","1","3","1","1","P","cmc","Wifes_age",0.8
32.45,"3","4",5,"1","1","1","4","0","P","cmc","Wifes_age",0.8
37.24,"2","2",8,"1","1","2","2","0","P","cmc","Wifes_age",0.8
43.2,"1","2",1,"1","1","3","4","1","P","cmc","Wifes_age",0.8
25.87,"3","4",4,"1","0","1","3","0","P","cmc","Wifes_age",0.8
16.48,"3","3",2,"1","1","3","3","0","P","cmc","Wifes_age",0.8
21.23,"2","2",3,"1","1","2","4","0","P","cmc","Wifes_age",0.8
57.3,"3","3",2,"1","1","2","4","0","P","cmc","Wifes_age",0.8
34.61,"3","3",2,"1","0","2","2","0","P","cmc","Wifes_age",0.8
28.11,"3","3",1,"1","1","2","4","0","P","cmc","Wifes_age",0.8
50.2,"2","3",4,"1","0","2","4","0","P","cmc","Wifes_age",0.8
34.38,"2","4",2,"1","1","3","4","0","P","cmc","Wifes_age",0.8
62.36,"1","1",1,"1","1","3","4","0","P","cmc","Wifes_age",0.8
25.85,"2","2",2,"1","1","3","1","0","P","cmc","Wifes_age",0.8
29.59,"2","3",3,"1","1","3","4","0","P","cmc","Wifes_age",0.8
33.09,"3","3",6,"1","1","3","4","0","N","cmc","Wifes_age",0.8
53.71,"4","3",5,"1","1","1","4","0","N","cmc","Wifes_age",0.8
28.85,"4","4",4,"1","1","1","4","0","N","cmc","Wifes_age",0.8
22.79,"4","4",2,"1","0","1","4","0","N","cmc","Wifes_age",0.8
28.86,"3","3",5,"1","0","1","3","0","N","cmc","Wifes_age",0.8
44.15,"3","4",3,"1","1","1","3","0","N","cmc","Wifes_age",0.8
44.28,"2","4",4,"1","1","3","3","0","N","cmc","Wifes_age",0.8
26.87,"4","4",2,"1","1","1","4","0","N","cmc","Wifes_age",0.8
25.69,"2","4",6,"1","1","3","4","0","N","cmc","Wifes_age",0.8
41.96,"2","3",7,"1","1","3","4","0","N","cmc","Wifes_age",0.8
29.55,"4","4",2,"0","0","1","4","0","N","cmc","Wifes_age",0.8
33.91,"4","4",4,"1","1","1","4","0","N","cmc","Wifes_age",0.8
25.2,"1","1",2,"1","1","3","4","0","N","cmc","Wifes_age",0.8
28.22,"2","4",3,"1","1","3","4","0","N","cmc","Wifes_age",0.8
45.51,"4","4",4,"0","0","1","2","0","N","cmc","Wifes_age",0.8
25.61,"4","4",1,"1","1","1","2","0","N","cmc","Wifes_age",0.8
7.04,"3","4",1,"1","1","3","4","0","N","cmc","Wifes_age",0.8
29.6,"3","4",3,"1","1","2","3","0","N","cmc","Wifes_age",0.8
32.52,"4","4",2,"1","0","3","3","0","N","cmc","Wifes_age",0.8
16.07,"3","4",1,"1","1","3","2","0","N","cmc","Wifes_age",0.8
51.37,"4","4",7,"1","1","1","4","0","N","cmc","Wifes_age",0.8
22.65,"2","1",2,"1","0","3","3","0","N","cmc","Wifes_age",0.8
24.91,"2","2",3,"1","1","2","3","0","N","cmc","Wifes_age",0.8
38.28,"2","3",2,"1","1","3","3","0","N","cmc","Wifes_age",0.8
22.96,"2","4",1,"1","0","3","4","0","N","cmc","Wifes_age",0.8
35.49,"4","4",4,"1","1","2","4","0","N","cmc","Wifes_age",0.8
48.79,"4","3",7,"1","0","2","4","0","N","cmc","Wifes_age",0.8
42.94,"4","4",2,"1","0","1","4","0","N","cmc","Wifes_age",0.8
35.16,"4","4",2,"0","0","1","4","0","N","cmc","Wifes_age",0.8
50.29,"4","4",10,"1","1","1","4","0","N","cmc","Wifes_age",0.8
34.96,"2","2",6,"1","0","3","4","0","N","cmc","Wifes_age",0.8
42.77,"4","4",3,"1","1","1","4","0","N","cmc","Wifes_age",0.8
30.5,"4","4",5,"0","0","1","4","0","N","cmc","Wifes_age",0.8
45.75,"4","4",3,"0","1","1","3","0","N","cmc","Wifes_age",0.8
19.93,"3","4",1,"1","1","2","4","0","N","cmc","Wifes_age",0.8
13.64,"4","4",1,"1","1","3","4","0","N","cmc","Wifes_age",0.8
33.56,"2","4",2,"1","1","1","3","0","N","cmc","Wifes_age",0.8
20.11,"3","3",1,"1","1","3","1","0","N","cmc","Wifes_age",0.8
33.47,"4","4",1,"1","1","1","4","0","N","cmc","Wifes_age",0.8
24.73,"4","4",2,"1","1","2","4","0","N","cmc","Wifes_age",0.8
33.06,"3","3",2,"1","0","3","4","0","N","cmc","Wifes_age",0.8
38.27,"4","4",3,"1","1","1","4","0","N","cmc","Wifes_age",0.8
44.4,"4","4",3,"1","1","1","4","0","N","cmc","Wifes_age",0.8
49.5,"4","4",4,"1","1","1","4","0","N","cmc","Wifes_age",0.8
47.77,"4","4",8,"0","1","1","4","0","N","cmc","Wifes_age",0.8
34.36,"4","4",4,"1","0","1","4","0","N","cmc","Wifes_age",0.8
24.09,"4","4",2,"1","1","1","4","0","N","cmc","Wifes_age",0.8
25.02,"4","4",3,"1","1","1","4","0","N","cmc","Wifes_age",0.8
38.57,"4","4",3,"1","1","1","4","0","N","cmc","Wifes_age",0.8
46.75,"4","4",4,"0","1","1","4","0","N","cmc","Wifes_age",0.8
47.8,"4","4",2,"1","1","1","4","0","N","cmc","Wifes_age",0.8
20.91,"3","3",1,"0","0","2","4","0","N","cmc","Wifes_age",0.8
31.45,"4","3",8,"1","1","1","4","0","N","cmc","Wifes_age",0.8
21.29,"1","4",1,"1","0","4","2","1","N","cmc","Wifes_age",0.8
48.92,"2","4",8,"1","1","1","4","0","N","cmc","Wifes_age",0.8
37.29,"4","4",3,"0","0","4","4","0","N","cmc","Wifes_age",0.8
31.58,"2","3",2,"1","1","3","3","0","N","cmc","Wifes_age",0.8
29.9,"4","4",4,"1","1","3","3","0","N","cmc","Wifes_age",0.8
36.01,"4","4",4,"0","0","1","4","0","N","cmc","Wifes_age",0.8
45.27,"4","4",8,"1","1","1","4","0","N","cmc","Wifes_age",0.8
30.56,"4","4",3,"1","1","1","4","0","N","cmc","Wifes_age",0.8
44.68,"4","4",6,"0","1","1","3","0","N","cmc","Wifes_age",0.8
23.84,"4","4",1,"1","1","1","4","0","N","cmc","Wifes_age",0.8
43.67,"4","4",6,"1","1","1","3","0","N","cmc","Wifes_age",0.8
44.64,"4","4",4,"1","0","2","3","0","N","cmc","Wifes_age",0.8
6.11,"4","4",1,"1","1","2","3","0","N","cmc","Wifes_age",0.8
19.21,"1","3",7,"1","0","2","3","1","N","cmc","Wifes_age",0.8
20.86,"4","4",1,"1","1","3","2","0","N","cmc","Wifes_age",0.8
20.26,"3","4",7,"0","1","1","3","0","N","cmc","Wifes_age",0.8
46.29,"3","3",2,"1","0","3","3","0","N","cmc","Wifes_age",0.8
55.59,"3","4",11,"1","0","2","3","0","N","cmc","Wifes_age",0.8
47.02,"4","4",6,"1","0","3","3","0","N","cmc","Wifes_age",0.8
39.9,"4","4",4,"1","1","1","3","0","N","cmc","Wifes_age",0.8
33.86,"3","3",4,"1","1","3","2","0","N","cmc","Wifes_age",0.8
30.8,"3","4",3,"1","1","3","4","0","N","cmc","Wifes_age",0.8
22.89,"4","3",3,"1","1","3","3","0","N","cmc","Wifes_age",0.8
45.99,"4","4",6,"0","0","1","4","0","N","cmc","Wifes_age",0.8
41.9,"4","4",3,"1","1","1","4","0","N","cmc","Wifes_age",0.8
45.29,"4","4",5,"1","1","2","4","0","N","cmc","Wifes_age",0.8
31.11,"4","4",2,"1","1","2","4","0","N","cmc","Wifes_age",0.8
35.91,"4","4",4,"0","1","1","4","0","N","cmc","Wifes_age",0.8
31.12,"4","4",3,"1","1","1","4","0","N","cmc","Wifes_age",0.8
25.54,"4","4",1,"0","1","2","4","0","N","cmc","Wifes_age",0.8
44.2,"4","4",5,"1","0","1","4","0","N","cmc","Wifes_age",0.8
31.32,"4","4",1,"1","0","2","4","0","N","cmc","Wifes_age",0.8
42.26,"2","1",6,"1","1","2","1","0","N","cmc","Wifes_age",0.8
22.47,"4","4",2,"1","0","1","3","0","N","cmc","Wifes_age",0.8
31.7,"2","3",7,"1","1","3","4","0","N","cmc","Wifes_age",0.8
30.45,"3","3",3,"1","1","1","2","0","N","cmc","Wifes_age",0.8
38.09,"2","3",6,"1","1","1","2","0","N","cmc","Wifes_age",0.8
39.88,"4","4",4,"1","1","1","4","0","N","cmc","Wifes_age",0.8
18.72,"4","4",1,"1","1","1","2","0","N","cmc","Wifes_age",0.8
40.34,"3","4",5,"1","0","1","3","1","N","cmc","Wifes_age",0.8
37.68,"4","4",3,"0","1","3","3","0","N","cmc","Wifes_age",0.8
46.07,"4","4",5,"1","0","1","3","0","N","cmc","Wifes_age",0.8
29.95,"4","4",2,"1","1","1","4","0","N","cmc","Wifes_age",0.8
19.22,"3","3",2,"1","0","3","4","0","N","cmc","Wifes_age",0.8
45.15,"4","4",2,"1","0","1","4","0","N","cmc","Wifes_age",0.8
31.86,"4","4",3,"1","0","2","4","0","N","cmc","Wifes_age",0.8
26.5,"4","4",2,"1","0","1","4","0","N","cmc","Wifes_age",0.8
28.44,"4","1",4,"1","1","3","3","0","N","cmc","Wifes_age",0.8
24.53,"4","4",4,"0","1","2","4","0","N","cmc","Wifes_age",0.8
25.67,"4","4",3,"1","1","3","4","0","N","cmc","Wifes_age",0.8
36.26,"3","4",5,"0","1","3","3","0","N","cmc","Wifes_age",0.8
44.39,"2","4",13,"1","1","2","3","0","N","cmc","Wifes_age",0.8
32.79,"3","3",6,"1","1","2","3","0","N","cmc","Wifes_age",0.8
42.79,"4","4",5,"1","1","1","3","0","N","cmc","Wifes_age",0.8
23.06,"3","1",4,"1","1","3","1","0","N","cmc","Wifes_age",0.8
19.91,"3","3",2,"1","1","3","2","0","N","cmc","Wifes_age",0.8
31.17,"4","4",1,"1","1","3","4","0","N","cmc","Wifes_age",0.8
39.44,"3","4",1,"1","1","4","4","0","N","cmc","Wifes_age",0.8
35.03,"2","3",5,"1","0","2","1","0","N","cmc","Wifes_age",0.8
50.22,"3","3",7,"1","1","3","4","0","N","cmc","Wifes_age",0.8
20.83,"4","4",2,"1","0","1","3","0","N","cmc","Wifes_age",0.8
60.21,"2","2",7,"1","1","2","4","0","N","cmc","Wifes_age",0.8
38.62,"3","2",6,"1","1","3","2","0","N","cmc","Wifes_age",0.8
48.39,"3","3",8,"1","1","2","3","0","N","cmc","Wifes_age",0.8
45.34,"4","4",6,"1","0","1","4","0","N","cmc","Wifes_age",0.8
50.63,"3","4",2,"1","0","2","4","0","N","cmc","Wifes_age",0.8
39.31,"4","4",7,"1","1","3","2","0","N","cmc","Wifes_age",0.8
25.48,"2","4",2,"1","1","3","3","0","N","cmc","Wifes_age",0.8
19.43,"4","4",2,"1","0","1","3","0","N","cmc","Wifes_age",0.8
29.9,"4","4",5,"1","1","3","4","0","N","cmc","Wifes_age",0.8
23.93,"3","4",4,"1","1","1","3","0","N","cmc","Wifes_age",0.8
29,"4","4",3,"1","1","1","4","0","N","cmc","Wifes_age",0.8
16.34,"3","3",1,"1","0","3","4","0","N","cmc","Wifes_age",0.8
13.26,"4","4",1,"1","0","1","3","0","N","cmc","Wifes_age",0.8
36.85,"3","4",7,"1","1","2","2","0","N","cmc","Wifes_age",0.8
53.68,"4","4",4,"0","1","3","3","0","N","cmc","Wifes_age",0.8
31.71,"4","4",6,"1","1","3","3","0","N","cmc","Wifes_age",0.8
47.43,"4","4",7,"1","1","2","4","0","N","cmc","Wifes_age",0.8
18.06,"4","4",1,"1","1","1","4","0","N","cmc","Wifes_age",0.8
28.55,"4","4",2,"0","1","1","3","0","N","cmc","Wifes_age",0.8
32.9,"4","4",4,"1","1","1","4","0","N","cmc","Wifes_age",0.8
41.14,"3","4",5,"1","1","1","3","0","N","cmc","Wifes_age",0.8
17.8,"4","4",1,"1","0","1","4","0","N","cmc","Wifes_age",0.8
39.39,"4","4",3,"1","1","3","3","0","N","cmc","Wifes_age",0.8
29.86,"4","4",3,"1","0","3","3","0","N","cmc","Wifes_age",0.8
56.41,"4","4",4,"1","0","1","4","0","N","cmc","Wifes_age",0.8
19.87,"4","4",4,"1","1","1","3","0","N","cmc","Wifes_age",0.8
12.04,"2","2",1,"1","1","3","2","0","N","cmc","Wifes_age",0.8
38.38,"3","3",6,"1","0","3","3","0","N","cmc","Wifes_age",0.8
33.95,"3","4",2,"1","1","1","4","0","N","cmc","Wifes_age",0.8
37.68,"4","4",5,"1","1","3","4","0","N","cmc","Wifes_age",0.8
40.37,"4","3",4,"1","0","3","2","0","N","cmc","Wifes_age",0.8
38.8,"4","4",3,"1","0","1","4","0","N","cmc","Wifes_age",0.8
40.36,"3","3",11,"1","1","1","4","0","N","cmc","Wifes_age",0.8
25.62,"3","3",5,"1","1","1","4","0","N","cmc","Wifes_age",0.8
48.92,"3","4",5,"1","1","3","2","1","N","cmc","Wifes_age",0.8
49.47,"1","1",10,"1","1","3","3","0","N","cmc","Wifes_age",0.8
22.12,"4","4",1,"1","1","1","3","0","N","cmc","Wifes_age",0.8
34.75,"4","4",1,"0","0","1","4","0","N","cmc","Wifes_age",0.8
26.05,"3","4",2,"0","1","2","3","0","N","cmc","Wifes_age",0.8
30.97,"3","3",4,"1","1","2","4","0","N","cmc","Wifes_age",0.8
38.61,"4","4",3,"0","0","1","4","0","N","cmc","Wifes_age",0.8
42.06,"4","4",3,"0","1","2","4","0","N","cmc","Wifes_age",0.8
21.83,"4","4",1,"1","1","2","1","0","N","cmc","Wifes_age",0.8
34.65,"3","4",4,"0","0","2","4","0","N","cmc","Wifes_age",0.8
19.52,"2","3",1,"1","0","4","4","0","N","cmc","Wifes_age",0.8
44.45,"4","4",4,"0","0","2","4","0","N","cmc","Wifes_age",0.8
28.64,"4","4",4,"0","0","2","4","0","N","cmc","Wifes_age",0.8
32.61,"4","4",4,"0","0","2","4","0","N","cmc","Wifes_age",0.8
38.18,"4","4",3,"0","1","1","4","0","N","cmc","Wifes_age",0.8
38.28,"4","4",3,"1","1","2","3","0","N","cmc","Wifes_age",0.8
28.53,"4","4",2,"1","0","1","3","0","N","cmc","Wifes_age",0.8
40.58,"4","4",6,"1","1","1","4","0","N","cmc","Wifes_age",0.8
48.78,"4","4",7,"0","1","1","4","0","N","cmc","Wifes_age",0.8
32.26,"4","4",2,"1","1","1","3","0","N","cmc","Wifes_age",0.8
22.26,"4","4",1,"1","1","1","4","0","N","cmc","Wifes_age",0.8
34.72,"4","4",3,"1","0","1","4","0","N","cmc","Wifes_age",0.8
33.79,"4","4",3,"1","1","1","4","0","N","cmc","Wifes_age",0.8
23.72,"4","4",1,"1","1","1","4","0","N","cmc","Wifes_age",0.8
27.23,"4","3",5,"1","1","2","4","0","N","cmc","Wifes_age",0.8
24.36,"4","4",2,"1","1","3","4","0","N","cmc","Wifes_age",0.8
54.99,"4","4",5,"1","1","1","4","0","N","cmc","Wifes_age",0.8
29.94,"4","4",1,"1","1","2","4","0","N","cmc","Wifes_age",0.8
38.7,"3","4",3,"1","1","2","2","0","N","cmc","Wifes_age",0.8
36.29,"3","4",5,"1","1","1","2","0","N","cmc","Wifes_age",0.8
31.88,"4","4",2,"1","0","1","3","0","N","cmc","Wifes_age",0.8
49.17,"4","4",4,"1","1","1","4","0","N","cmc","Wifes_age",0.8
34.52,"4","4",5,"1","1","1","4","0","N","cmc","Wifes_age",0.8
43.41,"4","4",6,"1","1","1","3","0","N","cmc","Wifes_age",0.8
36.48,"4","4",3,"1","1","1","4","0","N","cmc","Wifes_age",0.8
18.19,"4","4",5,"1","1","2","4","0","N","cmc","Wifes_age",0.8
42.85,"2","4",3,"0","0","3","4","1","N","cmc","Wifes_age",0.8
30.53,"4","2",2,"0","1","1","3","0","N","cmc","Wifes_age",0.8
41.16,"4","4",3,"0","1","3","4","0","N","cmc","Wifes_age",0.8
54.02,"4","4",3,"0","1","2","4","0","N","cmc","Wifes_age",0.8
29.48,"4","4",2,"0","1","1","4","0","N","cmc","Wifes_age",0.8
44.86,"3","4",2,"0","1","3","4","0","N","cmc","Wifes_age",0.8
29.37,"4","4",1,"0","1","2","4","0","N","cmc","Wifes_age",0.8
26.34,"3","4",3,"0","0","3","4","0","N","cmc","Wifes_age",0.8
45.05,"3","4",3,"0","1","2","4","0","N","cmc","Wifes_age",0.8
33.76,"4","4",5,"0","1","2","4","0","N","cmc","Wifes_age",0.8
37.44,"3","3",6,"0","1","2","4","0","N","cmc","Wifes_age",0.8
53.37,"4","4",6,"0","1","2","4","0","N","cmc","Wifes_age",0.8
31.59,"4","4",3,"0","0","3","4","0","N","cmc","Wifes_age",0.8
28.48,"4","4",4,"0","0","2","4","0","N","cmc","Wifes_age",0.8
43.46,"4","4",3,"0","0","1","4","0","N","cmc","Wifes_age",0.8
35.44,"4","4",4,"0","1","3","4","0","N","cmc","Wifes_age",0.8
37.39,"3","4",7,"1","1","2","4","0","N","cmc","Wifes_age",0.8
52.59,"4","3",7,"1","0","1","4","0","N","cmc","Wifes_age",0.8
26.14,"2","2",6,"1","1","3","4","0","N","cmc","Wifes_age",0.8
21.5,"4","4",6,"1","1","3","4","0","N","cmc","Wifes_age",0.8
37.78,"4","4",4,"1","1","1","4","0","N","cmc","Wifes_age",0.8
30.38,"4","4",6,"1","1","1","4","0","N","cmc","Wifes_age",0.8
28.74,"3","3",2,"1","1","2","3","0","N","cmc","Wifes_age",0.8
47.68,"4","4",4,"1","1","1","4","0","N","cmc","Wifes_age",0.8
29.99,"4","4",3,"0","1","2","4","0","N","cmc","Wifes_age",0.8
47.07,"4","4",6,"0","1","1","4","0","N","cmc","Wifes_age",0.8
40.04,"4","4",7,"1","1","2","4","0","N","cmc","Wifes_age",0.8
18.7,"4","4",2,"0","0","2","4","0","N","cmc","Wifes_age",0.8
37.1,"4","4",4,"1","1","1","4","0","N","cmc","Wifes_age",0.8
38.08,"4","4",4,"0","1","1","4","0","N","cmc","Wifes_age",0.8
36.69,"4","4",5,"1","1","1","4","0","N","cmc","Wifes_age",0.8
35.63,"4","4",4,"1","1","1","4","0","N","cmc","Wifes_age",0.8
27.22,"4","4",3,"1","1","1","4","0","N","cmc","Wifes_age",0.8
40.52,"4","4",3,"0","1","1","4","0","N","cmc","Wifes_age",0.8
39.84,"4","4",3,"1","0","1","4","0","N","cmc","Wifes_age",0.8
39.37,"3","3",6,"1","1","3","4","0","N","cmc","Wifes_age",0.8
34.35,"3","3",5,"1","1","3","4","0","N","cmc","Wifes_age",0.8
40.61,"2","2",8,"1","1","2","2","0","N","cmc","Wifes_age",0.8
24.12,"3","2",5,"1","1","2","4","0","N","cmc","Wifes_age",0.8
53.61,"1","1",8,"1","1","3","4","1","N","cmc","Wifes_age",0.8
21.91,"2","4",3,"1","1","1","4","1","N","cmc","Wifes_age",0.8
34.57,"3","4",5,"1","1","1","2","1","N","cmc","Wifes_age",0.8
43.23,"4","4",4,"1","0","1","4","0","N","cmc","Wifes_age",0.8
33.41,"3","3",4,"1","1","3","4","0","N","cmc","Wifes_age",0.8
39.05,"2","2",5,"1","1","3","1","0","N","cmc","Wifes_age",0.8
42.19,"3","4",5,"1","1","1","2","0","N","cmc","Wifes_age",0.8
49.02,"2","2",6,"1","1","3","1","0","N","cmc","Wifes_age",0.8
24.8,"4","4",1,"1","0","1","4","0","N","cmc","Wifes_age",0.8
36.52,"4","4",2,"1","0","1","4","0","N","cmc","Wifes_age",0.8
11.32,"2","2",1,"1","1","3","2","0","N","cmc","Wifes_age",0.8
24.26,"1","2",4,"1","1","2","3","0","N","cmc","Wifes_age",0.8
14.62,"2","4",1,"1","1","1","4","0","N","cmc","Wifes_age",0.8
21.04,"3","3",1,"1","1","3","3","0","N","cmc","Wifes_age",0.8
28.64,"2","2",4,"1","1","2","4","0","N","cmc","Wifes_age",0.8
55.68,"4","4",16,"1","1","1","4","0","N","cmc","Wifes_age",0.8
38.89,"2","4",3,"1","0","3","3","0","N","cmc","Wifes_age",0.8
27.75,"4","4",2,"1","1","3","4","0","N","cmc","Wifes_age",0.8
13.29,"3","4",2,"1","1","1","3","0","N","cmc","Wifes_age",0.8
25.52,"4","4",1,"1","1","3","2","0","N","cmc","Wifes_age",0.8
38.35,"2","3",5,"1","0","2","3","0","N","cmc","Wifes_age",0.8
25.6,"3","3",1,"1","0","3","3","0","N","cmc","Wifes_age",0.8
26.35,"2","3",1,"1","1","3","1","0","N","cmc","Wifes_age",0.8
33.14,"4","4",3,"1","1","1","4","0","N","cmc","Wifes_age",0.8
37.62,"4","4",2,"1","1","2","4","0","N","cmc","Wifes_age",0.8
34.7,"4","4",1,"1","1","1","4","0","N","cmc","Wifes_age",0.8
34.19,"1","4",3,"1","1","4","4","1","N","cmc","Wifes_age",0.8
29,"3","4",8,"1","1","3","4","0","N","cmc","Wifes_age",0.8
35.47,"3","4",5,"1","0","2","4","0","N","cmc","Wifes_age",0.8
17.65,"2","4",3,"1","1","4","4","0","N","cmc","Wifes_age",0.8
26.05,"2","4",3,"1","1","2","4","0","N","cmc","Wifes_age",0.8
38.3,"2","3",6,"1","0","3","3","0","N","cmc","Wifes_age",0.8
20.22,"3","3",2,"1","1","2","4","0","N","cmc","Wifes_age",0.8
25.32,"2","4",3,"1","1","3","4","0","N","cmc","Wifes_age",0.8
31.3,"3","3",2,"1","1","3","3","0","N","cmc","Wifes_age",0.8
47.5,"1","3",3,"1","1","3","2","0","N","cmc","Wifes_age",0.8
36.57,"3","4",4,"1","1","1","3","0","N","cmc","Wifes_age",0.8
52.13,"4","3",13,"1","1","1","4","0","N","cmc","Wifes_age",0.8
23.46,"4","4",5,"1","1","1","4","0","N","cmc","Wifes_age",0.8
32.97,"3","3",8,"1","1","3","4","0","N","cmc","Wifes_age",0.8
25.18,"3","4",3,"1","1","1","4","0","N","cmc","Wifes_age",0.8
28.46,"2","2",4,"1","1","2","1","0","N","cmc","Wifes_age",0.8
24.97,"2","4",4,"1","1","2","1","0","N","cmc","Wifes_age",0.8
28.68,"4","3",1,"1","1","2","2","0","N","cmc","Wifes_age",0.8
37.68,"4","4",4,"1","1","1","4","0","N","cmc","Wifes_age",0.8
34.73,"4","4",1,"0","1","1","4","0","N","cmc","Wifes_age",0.8
39.68,"4","4",2,"0","0","1","4","0","N","cmc","Wifes_age",0.8
46.17,"3","3",1,"1","1","3","3","0","N","cmc","Wifes_age",0.8
41.91,"3","3",3,"1","1","3","3","0","N","cmc","Wifes_age",0.8
37,"4","4",6,"0","1","1","2","1","N","cmc","Wifes_age",0.8
32.37,"4","4",4,"0","1","1","4","0","N","cmc","Wifes_age",0.8
34.26,"4","4",1,"1","1","3","3","0","N","cmc","Wifes_age",0.8
35.98,"3","4",3,"1","1","3","2","0","N","cmc","Wifes_age",0.8
25.6,"2","4",3,"1","1","3","3","0","N","cmc","Wifes_age",0.8
15.89,"4","4",1,"1","1","1","3","0","N","cmc","Wifes_age",0.8
34.13,"2","3",2,"1","1","2","3","0","N","cmc","Wifes_age",0.8
44.44,"2","4",3,"1","1","3","4","0","N","cmc","Wifes_age",0.8
24.63,"4","4",1,"1","1","2","3","0","N","cmc","Wifes_age",0.8
34.58,"4","4",7,"1","1","2","4","0","N","cmc","Wifes_age",0.8
20.06,"3","4",2,"1","1","3","2","0","N","cmc","Wifes_age",0.8
32.53,"4","4",2,"1","1","1","4","0","N","cmc","Wifes_age",0.8
37.37,"4","3",1,"1","0","2","2","0","N","cmc","Wifes_age",0.8
18.82,"4","4",1,"1","1","3","1","0","N","cmc","Wifes_age",0.8
33.78,"2","3",7,"1","1","3","3","0","N","cmc","Wifes_age",0.8
19.17,"1","2",5,"1","0","1","2","0","N","cmc","Wifes_age",0.8
20.07,"2","3",4,"1","1","2","1","0","N","cmc","Wifes_age",0.8
20.98,"3","2",2,"1","1","2","1","0","N","cmc","Wifes_age",0.8
7.86,"2","3",1,"1","1","2","1","0","N","cmc","Wifes_age",0.8
44.2,"3","4",4,"1","0","2","4","0","N","cmc","Wifes_age",0.8
24.61,"3","3",3,"1","1","2","3","0","N","cmc","Wifes_age",0.8
21.82,"4","4",3,"1","1","1","4","0","N","cmc","Wifes_age",0.8
30.87,"4","3",2,"1","1","3","3","0","N","cmc","Wifes_age",0.8
36.17,"2","3",4,"1","1","3","2","0","N","cmc","Wifes_age",0.8
45.79,"3","4",2,"1","1","1","3","0","N","cmc","Wifes_age",0.8
44.63,"3","3",3,"1","1","2","1","1","N","cmc","Wifes_age",0.8
33.12,"4","4",4,"1","1","3","4","0","N","cmc","Wifes_age",0.8
30.05,"3","3",7,"1","1","3","4","0","N","cmc","Wifes_age",0.8
47.89,"3","3",5,"1","0","3","3","0","N","cmc","Wifes_age",0.8
43.89,"2","4",4,"1","1","3","3","0","N","cmc","Wifes_age",0.8
31.85,"4","4",3,"1","1","1","4","0","N","cmc","Wifes_age",0.8
34.57,"4","4",3,"0","1","1","4","0","N","cmc","Wifes_age",0.8
34.58,"4","4",5,"1","1","1","4","0","N","cmc","Wifes_age",0.8
25.85,"4","4",3,"0","1","1","4","0","N","cmc","Wifes_age",0.8
43.09,"4","4",4,"1","1","1","4","0","N","cmc","Wifes_age",0.8
35.96,"3","4",3,"1","0","1","4","0","N","cmc","Wifes_age",0.8
29.63,"4","4",1,"1","1","2","3","0","N","cmc","Wifes_age",0.8
32.3,"4","4",3,"1","1","1","4","0","N","cmc","Wifes_age",0.8
33.86,"4","4",1,"0","1","3","3","0","N","cmc","Wifes_age",0.8
13.46,"4","4",1,"1","1","1","3","0","N","cmc","Wifes_age",0.8
30.3,"2","3",1,"1","0","3","2","0","N","cmc","Wifes_age",0.8
25.04,"4","4",1,"1","1","3","3","0","N","cmc","Wifes_age",0.8
23.8,"4","4",4,"1","1","1","3","0","N","cmc","Wifes_age",0.8
32.75,"4","4",2,"1","0","2","2","0","N","cmc","Wifes_age",0.8
34.65,"1","2",2,"1","1","2","1","0","N","cmc","Wifes_age",0.8
45.45,"3","3",6,"0","1","3","1","0","N","cmc","Wifes_age",0.8
12.11,"2","4",1,"1","1","2","3","0","N","cmc","Wifes_age",0.8
23.94,"2","2",7,"1","0","2","3","0","N","cmc","Wifes_age",0.8
32.05,"2","2",2,"1","1","3","4","0","N","cmc","Wifes_age",0.8
0.89,"3","3",3,"1","1","2","3","0","N","cmc","Wifes_age",0.8
23.05,"2","2",5,"1","1","3","3","0","N","cmc","Wifes_age",0.8
28.67,"4","4",2,"0","0","1","4","0","N","cmc","Wifes_age",0.8
20.01,"4","4",2,"1","0","1","3","0","N","cmc","Wifes_age",0.8
29.85,"1","3",5,"1","1","3","3","0","N","cmc","Wifes_age",0.8
10.32,"3","4",1,"1","1","2","3","0","N","cmc","Wifes_age",0.8
27.12,"2","4",7,"1","1","2","3","0","N","cmc","Wifes_age",0.8
19.82,"2","4",1,"1","1","3","3","0","N","cmc","Wifes_age",0.8
25.02,"4","4",4,"1","1","3","2","0","N","cmc","Wifes_age",0.8
27.49,"3","4",4,"1","1","2","3","0","N","cmc","Wifes_age",0.8
36.17,"2","3",7,"1","1","3","3","0","N","cmc","Wifes_age",0.8
41.13,"4","4",11,"1","1","1","4","0","N","cmc","Wifes_age",0.8
28.83,"3","4",4,"1","1","1","4","0","N","cmc","Wifes_age",0.8
30.22,"4","4",2,"1","1","3","4","0","N","cmc","Wifes_age",0.8
23.83,"2","4",2,"1","1","1","4","0","N","cmc","Wifes_age",0.8
30.62,"4","4",2,"1","1","1","4","0","N","cmc","Wifes_age",0.8
35.22,"4","4",3,"1","1","2","4","0","N","cmc","Wifes_age",0.8
29.87,"3","4",4,"1","1","3","3","0","N","cmc","Wifes_age",0.8
30.49,"2","3",2,"1","1","2","1","0","N","cmc","Wifes_age",0.8
39.11,"4","4",4,"1","1","1","4","0","N","cmc","Wifes_age",0.8
33.67,"4","4",6,"1","1","1","4","0","N","cmc","Wifes_age",0.8
33.44,"4","4",2,"1","1","3","3","0","N","cmc","Wifes_age",0.8
45.26,"3","4",3,"1","1","2","3","0","N","cmc","Wifes_age",0.8
22.54,"4","4",1,"1","1","1","3","0","N","cmc","Wifes_age",0.8
23.4,"4","4",1,"1","1","3","3","0","N","cmc","Wifes_age",0.8
39.78,"3","3",8,"1","1","1","3","0","N","cmc","Wifes_age",0.8
35.98,"2","2",5,"1","0","2","4","0","N","cmc","Wifes_age",0.8
24.21,"3","4",3,"1","1","2","3","0","N","cmc","Wifes_age",0.8
33.72,"3","3",3,"1","1","3","3","0","N","cmc","Wifes_age",0.8
25.56,"3","4",4,"1","1","3","3","0","N","cmc","Wifes_age",0.8
32.84,"4","4",5,"1","1","2","3","0","N","cmc","Wifes_age",0.8
41.69,"4","4",8,"1","1","2","4","0","N","cmc","Wifes_age",0.8
19.32,"4","4",1,"0","1","1","4","0","N","cmc","Wifes_age",0.8
36.95,"4","4",3,"1","1","1","4","0","N","cmc","Wifes_age",0.8
14.85,"4","4",3,"1","1","3","4","0","N","cmc","Wifes_age",0.8
13.32,"4","4",2,"1","1","1","3","0","N","cmc","Wifes_age",0.8
43.6,"4","4",2,"0","1","1","3","0","N","cmc","Wifes_age",0.8
23.14,"3","4",4,"1","1","3","3","0","N","cmc","Wifes_age",0.8
38.54,"4","4",2,"1","0","3","4","0","N","cmc","Wifes_age",0.8
46.59,"3","4",8,"1","0","1","4","0","N","cmc","Wifes_age",0.8
38.79,"4","3",4,"1","1","3","4","0","N","cmc","Wifes_age",0.8
30.82,"4","4",3,"1","0","1","4","0","N","cmc","Wifes_age",0.8
30.48,"4","4",2,"0","0","1","3","0","N","cmc","Wifes_age",0.8
24.51,"4","4",3,"1","0","1","4","0","N","cmc","Wifes_age",0.8
32.25,"4","4",2,"1","1","1","3","0","N","cmc","Wifes_age",0.8
42.25,"4","4",3,"1","1","2","4","0","N","cmc","Wifes_age",0.8
37.47,"4","4",4,"1","1","1","4","0","N","cmc","Wifes_age",0.8
46.91,"4","4",6,"1","1","2","4","0","N","cmc","Wifes_age",0.8
46.27,"4","4",4,"1","1","1","4","0","N","cmc","Wifes_age",0.8
11,"3","3",3,"1","1","2","2","0","N","cmc","Wifes_age",0.8
25.29,"1","3",2,"1","1","3","1","0","N","cmc","Wifes_age",0.8
20.23,"2","2",2,"1","1","2","3","0","N","cmc","Wifes_age",0.8
33,"3","4",3,"1","1","2","3","0","N","cmc","Wifes_age",0.8
17.21,"2","2",2,"1","1","3","2","1","N","cmc","Wifes_age",0.8
46.73,"4","4",2,"1","1","1","4","0","N","cmc","Wifes_age",0.8
21.63,"3","4",5,"1","1","3","1","0","N","cmc","Wifes_age",0.8
48.98,"3","3",3,"1","0","3","2","0","N","cmc","Wifes_age",0.8
38.38,"3","4",5,"1","0","1","4","0","N","cmc","Wifes_age",0.8
29.32,"3","3",3,"1","0","2","1","0","N","cmc","Wifes_age",0.8
10.52,"4","4",2,"1","1","1","4","0","N","cmc","Wifes_age",0.8
32.14,"4","4",5,"1","1","2","4","0","N","cmc","Wifes_age",0.8
25.32,"4","4",1,"0","0","1","3","0","N","cmc","Wifes_age",0.8
17.86,"3","3",3,"1","1","2","1","0","N","cmc","Wifes_age",0.8
41.34,"4","4",3,"1","1","2","4","0","N","cmc","Wifes_age",0.8
26.04,"2","2",8,"1","1","2","1","0","N","cmc","Wifes_age",0.8
20.6,"2","2",1,"1","1","4","3","0","N","cmc","Wifes_age",0.8
27.5,"2","3",7,"1","0","3","1","0","N","cmc","Wifes_age",0.8
22.04,"2","3",2,"1","1","3","1","0","N","cmc","Wifes_age",0.8
44.32,"2","2",5,"1","1","3","4","0","N","cmc","Wifes_age",0.8
34.19,"2","4",3,"1","1","3","4","0","N","cmc","Wifes_age",0.8
20.06,"4","4",2,"1","0","1","4","0","N","cmc","Wifes_age",0.8
20.43,"2","3",4,"1","1","3","3","0","N","cmc","Wifes_age",0.8
24.06,"2","4",4,"1","0","2","4","0","N","cmc","Wifes_age",0.8
10.4,"3","3",1,"1","1","2","2","0","N","cmc","Wifes_age",0.8
15.38,"3","3",1,"1","1","2","1","0","N","cmc","Wifes_age",0.8
33.52,"1","2",6,"1","1","2","2","1","N","cmc","Wifes_age",0.8
8.6,"3","3",3,"1","1","3","2","0","N","cmc","Wifes_age",0.8
32.89,"3","4",6,"1","1","1","3","0","N","cmc","Wifes_age",0.8
18.73,"3","4",1,"1","1","2","1","0","N","cmc","Wifes_age",0.8
19.59,"2","4",3,"1","1","3","3","0","N","cmc","Wifes_age",0.8
25.65,"3","3",1,"1","1","3","2","0","N","cmc","Wifes_age",0.8
25.17,"4","4",1,"1","1","3","3","0","N","cmc","Wifes_age",0.8
30.88,"2","4",3,"1","1","3","2","0","N","cmc","Wifes_age",0.8
18.2,"1","3",4,"1","1","3","4","0","N","cmc","Wifes_age",0.8
26.66,"1","1",3,"1","1","4","2","1","N","cmc","Wifes_age",0.8
26.78,"3","4",2,"1","1","3","3","0","N","cmc","Wifes_age",0.8
37.53,"3","4",2,"1","1","2","3","0","N","cmc","Wifes_age",0.8
25.28,"3","3",3,"1","1","3","1","0","N","cmc","Wifes_age",0.8
22.56,"3","4",5,"1","1","1","2","0","N","cmc","Wifes_age",0.8
25.88,"1","3",4,"1","1","3","3","0","N","cmc","Wifes_age",0.8
34.96,"3","4",2,"1","1","1","3","0","N","cmc","Wifes_age",0.8
28.66,"3","3",3,"1","1","3","3","0","N","cmc","Wifes_age",0.8
36.16,"4","4",3,"1","1","1","4","0","N","cmc","Wifes_age",0.8
11.3,"4","4",1,"1","0","2","4","0","N","cmc","Wifes_age",0.8
19.94,"4","4",1,"1","1","2","4","0","N","cmc","Wifes_age",0.8
20.74,"2","3",5,"1","1","2","4","0","N","cmc","Wifes_age",0.8
21.58,"3","4",2,"1","1","3","3","0","N","cmc","Wifes_age",0.8
17.47,"3","3",1,"1","1","3","3","0","N","cmc","Wifes_age",0.8
44.59,"1","4",9,"1","1","2","1","0","N","cmc","Wifes_age",0.8
42.93,"2","4",3,"1","1","2","3","0","N","cmc","Wifes_age",0.8
26.67,"4","4",3,"1","1","3","4","1","N","cmc","Wifes_age",0.8
25.63,"2","3",2,"1","1","2","3","0","N","cmc","Wifes_age",0.8
37.83,"4","4",6,"1","0","3","4","0","N","cmc","Wifes_age",0.8
23.37,"3","3",3,"1","1","2","1","0","N","cmc","Wifes_age",0.8
42.26,"4","3",3,"1","1","2","4","0","N","cmc","Wifes_age",0.8
19.01,"1","4",4,"1","1","3","4","1","N","cmc","Wifes_age",0.8
13.75,"4","4",2,"1","0","2","4","0","N","cmc","Wifes_age",0.8
36.91,"3","4",2,"1","1","3","4","0","N","cmc","Wifes_age",0.8
24.66,"3","4",1,"1","1","3","4","0","N","cmc","Wifes_age",0.8
23.76,"2","3",4,"1","0","2","2","0","N","cmc","Wifes_age",0.8
17.28,"1","2",3,"1","1","3","1","1","N","cmc","Wifes_age",0.8
18.76,"3","3",1,"1","1","2","1","0","N","cmc","Wifes_age",0.8
24.71,"2","3",2,"1","1","2","4","0","N","cmc","Wifes_age",0.8
40.95,"2","3",3,"1","1","2","4","0","N","cmc","Wifes_age",0.8
25.38,"2","2",2,"1","1","3","4","0","N","cmc","Wifes_age",0.8
37.98,"4","4",8,"1","1","1","4","0","N","cmc","Wifes_age",0.8
26.82,"3","3",4,"1","1","3","4","0","N","cmc","Wifes_age",0.8
22.73,"3","4",1,"1","0","1","4","0","N","cmc","Wifes_age",0.8
17.21,"3","3",6,"1","1","3","3","0","N","cmc","Wifes_age",0.8
27.75,"3","4",3,"1","1","3","3","0","N","cmc","Wifes_age",0.8
35.49,"2","3",3,"1","1","3","4","0","N","cmc","Wifes_age",0.8
27.15,"4","4",1,"0","1","3","4","0","N","cmc","Wifes_age",0.8
24.93,"2","4",2,"1","1","3","2","0","N","cmc","Wifes_age",0.8
11.45,"3","4",2,"1","1","3","3","0","N","cmc","Wifes_age",0.8
21.43,"3","4",3,"1","1","3","2","0","N","cmc","Wifes_age",0.8
41.24,"3","4",7,"1","1","3","2","0","N","cmc","Wifes_age",0.8
17.26,"3","2",2,"1","0","3","2","0","N","cmc","Wifes_age",0.8
6.04,"4","3",1,"1","1","3","4","0","N","cmc","Wifes_age",0.8
39.92,"1","4",4,"1","1","3","2","0","N","cmc","Wifes_age",0.8
29.82,"2","3",2,"1","1","3","1","0","N","cmc","Wifes_age",0.8
14.64,"1","2",3,"1","0","3","2","0","N","cmc","Wifes_age",0.8
16.58,"1","2",3,"1","1","3","2","1","N","cmc","Wifes_age",0.8
24.11,"4","4",3,"1","1","3","3","0","N","cmc","Wifes_age",0.8
20.02,"3","4",5,"1","1","2","4","0","N","cmc","Wifes_age",0.8
35.11,"4","4",3,"1","1","3","2","0","N","cmc","Wifes_age",0.8
14.3,"2","4",4,"1","1","3","4","0","N","cmc","Wifes_age",0.8
23.26,"3","3",3,"1","1","3","3","0","N","cmc","Wifes_age",0.8
19.11,"2","3",2,"1","1","3","3","0","N","cmc","Wifes_age",0.8
30.48,"4","3",3,"1","1","3","3","0","N","cmc","Wifes_age",0.8
30.89,"4","4",3,"1","0","1","4","0","N","cmc","Wifes_age",0.8
37.5,"3","4",4,"1","0","1","3","0","N","cmc","Wifes_age",0.8
38.06,"4","4",5,"1","1","1","4","0","N","cmc","Wifes_age",0.8
32.49,"4","4",2,"1","1","3","4","0","N","cmc","Wifes_age",0.8
30.01,"3","4",5,"1","1","1","4","0","N","cmc","Wifes_age",0.8
24.9,"3","4",1,"1","1","3","2","0","N","cmc","Wifes_age",0.8
27.65,"1","3",1,"1","1","3","3","1","N","cmc","Wifes_age",0.8
28.68,"3","4",1,"1","1","3","3","0","N","cmc","Wifes_age",0.8
16.09,"3","3",4,"1","1","3","3","0","N","cmc","Wifes_age",0.8
16.21,"3","4",1,"0","0","1","4","0","N","cmc","Wifes_age",0.8
13.11,"3","2",1,"1","1","3","3","0","N","cmc","Wifes_age",0.8
33.03,"3","3",2,"0","1","2","3","0","N","cmc","Wifes_age",0.8
35.51,"4","4",3,"0","0","2","4","0","N","cmc","Wifes_age",0.8
23.77,"3","4",3,"1","0","3","4","0","N","cmc","Wifes_age",0.8
35.64,"4","4",4,"1","1","2","3","0","N","cmc","Wifes_age",0.8
34.58,"3","4",6,"1","1","3","2","0","N","cmc","Wifes_age",0.8
29.13,"4","4",2,"0","0","3","3","0","N","cmc","Wifes_age",0.8
20.37,"2","4",1,"1","1","3","3","0","N","cmc","Wifes_age",0.8
44,"3","3",2,"0","1","3","4","0","N","cmc","Wifes_age",0.8
41.6,"4","3",2,"0","1","3","4","0","N","cmc","Wifes_age",0.8
27.19,"2","2",4,"0","1","3","2","0","N","cmc","Wifes_age",0.8
49.57,"4","4",2,"0","1","3","4","0","N","cmc","Wifes_age",0.8
44.98,"4","3",4,"1","1","1","3","0","N","cmc","Wifes_age",0.8
32.86,"4","4",2,"1","0","1","4","0","N","cmc","Wifes_age",0.8
47.72,"4","4",5,"1","1","1","4","0","N","cmc","Wifes_age",0.8
9.88,"3","3",1,"1","1","2","2","0","N","cmc","Wifes_age",0.8
35.9,"3","4",2,"1","1","1","2","0","N","cmc","Wifes_age",0.8
26.49,"3","4",2,"1","1","1","3","0","N","cmc","Wifes_age",0.8
13.11,"4","4",1,"0","1","3","1","0","N","cmc","Wifes_age",0.8
16.32,"1","2",3,"1","1","2","3","0","N","cmc","Wifes_age",0.8
22.32,"1","3",2,"1","1","3","2","0","N","cmc","Wifes_age",0.8
22.43,"4","4",4,"1","1","2","3","0","N","cmc","Wifes_age",0.8
24.79,"3","3",2,"1","1","2","3","0","N","cmc","Wifes_age",0.8
23.08,"4","4",2,"1","0","3","3","0","N","cmc","Wifes_age",0.8
30.15,"3","3",3,"1","1","3","1","1","N","cmc","Wifes_age",0.8
24.67,"1","3",4,"1","1","3","3","0","N","cmc","Wifes_age",0.8
34.69,"2","4",6,"1","1","3","4","0","N","cmc","Wifes_age",0.8
18.53,"2","3",5,"1","1","3","3","0","N","cmc","Wifes_age",0.8
36.62,"4","4",2,"1","1","1","4","0","N","cmc","Wifes_age",0.8
25.41,"4","4",3,"0","0","2","4","0","N","cmc","Wifes_age",0.8
54.07,"4","4",5,"1","1","1","3","0","N","cmc","Wifes_age",0.8
30.06,"4","4",2,"1","0","1","4","0","N","cmc","Wifes_age",0.8
12.64,"3","4",2,"0","1","3","4","0","N","cmc","Wifes_age",0.8
14.13,"4","4",2,"1","1","4","3","0","N","cmc","Wifes_age",0.8
50.77,"4","4",5,"1","1","1","4","0","N","cmc","Wifes_age",0.8
19.13,"4","4",1,"1","1","3","2","0","N","cmc","Wifes_age",0.8
47.42,"3","4",2,"0","1","3","3","0","N","cmc","Wifes_age",0.8
37.46,"1","2",5,"1","1","2","2","1","N","cmc","Wifes_age",0.8
18.51,"2","2",1,"1","1","3","2","0","N","cmc","Wifes_age",0.8
19.08,"1","2",6,"0","1","2","3","0","N","cmc","Wifes_age",0.8
33.49,"3","4",5,"0","1","3","4","0","N","cmc","Wifes_age",0.8
53.06,"2","3",6,"0","0","3","4","0","N","cmc","Wifes_age",0.8
41.43,"1","2",6,"1","1","3","3","0","N","cmc","Wifes_age",0.8
40.75,"4","4",3,"0","1","3","4","0","N","cmc","Wifes_age",0.8
39.12,"3","4",3,"0","1","3","4","0","N","cmc","Wifes_age",0.8
35.6,"3","4",4,"0","1","2","4","0","N","cmc","Wifes_age",0.8
34.4,"4","4",3,"0","1","3","4","0","N","cmc","Wifes_age",0.8
25.01,"2","3",4,"1","1","3","2","0","N","cmc","Wifes_age",0.8
23.26,"4","4",2,"0","1","2","4","0","N","cmc","Wifes_age",0.8
52.91,"4","4",4,"0","1","1","4","0","N","cmc","Wifes_age",0.8
39.61,"4","3",3,"0","1","2","4","0","N","cmc","Wifes_age",0.8
41.11,"3","3",2,"0","0","3","4","0","N","cmc","Wifes_age",0.8
35.82,"4","4",3,"0","0","3","4","0","N","cmc","Wifes_age",0.8
14.95,"3","3",3,"1","0","2","4","0","N","cmc","Wifes_age",0.8
39.28,"4","4",6,"1","1","2","2","0","N","cmc","Wifes_age",0.8
17.87,"2","4",4,"1","1","3","4","0","N","cmc","Wifes_age",0.8
27.51,"1","3",6,"1","1","3","2","0","N","cmc","Wifes_age",0.8
22.13,"2","2",0,"1","0","3","2","0","N","cmc","Wifes_age",0.8
15.09,"3","3",1,"1","1","3","2","0","N","cmc","Wifes_age",0.8
12.94,"2","2",1,"1","1","3","1","0","N","cmc","Wifes_age",0.8
21.15,"2","3",2,"1","0","3","2","0","N","cmc","Wifes_age",0.8
23.95,"2","2",1,"1","1","3","3","0","N","cmc","Wifes_age",0.8
31.74,"1","2",4,"1","0","4","4","0","N","cmc","Wifes_age",0.8
25.3,"3","4",4,"1","1","3","2","0","N","cmc","Wifes_age",0.8
46.79,"2","3",5,"1","1","4","2","0","N","cmc","Wifes_age",0.8
25.53,"3","4",4,"1","0","3","3","0","N","cmc","Wifes_age",0.8
18.5,"3","4",3,"1","1","3","4","0","N","cmc","Wifes_age",0.8
31.71,"3","4",4,"1","1","2","4","0","N","cmc","Wifes_age",0.8
49.55,"1","2",2,"1","0","2","4","0","N","cmc","Wifes_age",0.8
21.25,"3","3",2,"1","1","2","3","0","N","cmc","Wifes_age",0.8
35.87,"3","2",9,"1","0","3","4","0","N","cmc","Wifes_age",0.8
16.97,"2","2",1,"1","1","3","2","0","N","cmc","Wifes_age",0.8
35.55,"2","3",5,"1","1","3","3","0","N","cmc","Wifes_age",0.8
38.16,"3","3",7,"0","1","2","4","0","N","cmc","Wifes_age",0.8
28.37,"2","4",8,"1","1","1","4","0","N","cmc","Wifes_age",0.8
50.69,"2","4",3,"0","1","3","4","0","N","cmc","Wifes_age",0.8
32.1,"4","4",3,"1","0","1","4","0","N","cmc","Wifes_age",0.8
15.14,"3","4",4,"1","1","2","3","0","N","cmc","Wifes_age",0.8
34.96,"3","4",1,"0","1","2","4","0","N","cmc","Wifes_age",0.8
32.8,"4","4",4,"1","0","1","4","0","N","cmc","Wifes_age",0.8
26.92,"2","2",3,"1","0","3","3","0","N","cmc","Wifes_age",0.8
23.75,"3","3",4,"1","0","2","2","0","N","cmc","Wifes_age",0.8
33.41,"4","4",3,"1","0","1","4","0","N","cmc","Wifes_age",0.8
34.11,"3","4",5,"1","1","1","4","0","N","cmc","Wifes_age",0.8
32.14,"4","4",2,"1","1","3","4","0","N","cmc","Wifes_age",0.8
25.1,"4","4",1,"1","1","1","4","0","N","cmc","Wifes_age",0.8
10.83,"4","4",2,"1","1","2","4","0","N","cmc","Wifes_age",0.8
35.87,"4","4",2,"1","1","1","4","0","N","cmc","Wifes_age",0.8
7.42,"1","2",2,"1","1","3","4","0","N","cmc","Wifes_age",0.8
38.7,"4","4",3,"1","1","1","4","0","N","cmc","Wifes_age",0.8
26.53,"4","4",3,"1","1","3","4","0","N","cmc","Wifes_age",0.8
31.61,"2","3",3,"1","0","3","2","0","N","cmc","Wifes_age",0.8
39.14,"4","4",3,"0","0","3","3","1","N","cmc","Wifes_age",0.8
31.56,"3","4",2,"1","1","2","4","0","N","cmc","Wifes_age",0.8
42.79,"4","4",3,"1","1","1","4","0","N","cmc","Wifes_age",0.8
25.01,"3","4",3,"1","1","3","2","0","N","cmc","Wifes_age",0.8
29.43,"4","4",3,"0","1","3","4","0","N","cmc","Wifes_age",0.8
35.39,"4","4",3,"0","1","2","4","0","N","cmc","Wifes_age",0.8
35.2,"4","4",2,"1","1","2","4","0","N","cmc","Wifes_age",0.8
35.02,"4","4",3,"1","0","1","4","0","N","cmc","Wifes_age",0.8
30.11,"4","4",4,"0","0","1","4","0","N","cmc","Wifes_age",0.8
29.02,"4","4",1,"1","1","1","4","0","N","cmc","Wifes_age",0.8
38.31,"4","4",3,"1","1","4","4","0","N","cmc","Wifes_age",0.8
32.53,"2","3",5,"1","1","2","3","0","N","cmc","Wifes_age",0.8
18.6,"3","2",5,"1","1","2","2","0","N","cmc","Wifes_age",0.8
26.71,"2","3",3,"1","1","2","3","0","N","cmc","Wifes_age",0.8
25.59,"3","4",3,"1","1","1","4","0","N","cmc","Wifes_age",0.8
26.24,"3","4",3,"0","0","3","4","0","N","cmc","Wifes_age",0.8
45.36,"3","4",9,"1","1","3","4","0","N","cmc","Wifes_age",0.8
19.68,"4","4",1,"1","1","1","4","0","N","cmc","Wifes_age",0.8
22.41,"2","1",3,"1","0","3","1","1","N","cmc","Wifes_age",0.8
26.5,"2","3",4,"1","0","3","2","0","N","cmc","Wifes_age",0.8
30.08,"2","3",6,"1","1","2","4","0","N","cmc","Wifes_age",0.8
44.13,"2","4",11,"1","1","1","4","1","N","cmc","Wifes_age",0.8
56.02,"1","2",9,"1","0","3","4","1","N","cmc","Wifes_age",0.8
36.49,"2","2",6,"1","0","3","1","1","P","cmc","Wifes_age",0.8
45.97,"3","2",11,"1","1","2","3","0","P","cmc","Wifes_age",0.8
27.93,"2","4",1,"1","0","1","1","0","P","cmc","Wifes_age",0.8
28.97,"4","4",0,"1","0","3","4","0","P","cmc","Wifes_age",0.8
27.59,"2","2",2,"1","1","3","3","0","P","cmc","Wifes_age",0.8
40.58,"1","1",1,"1","0","3","3","1","P","cmc","Wifes_age",0.8
21.46,"4","4",0,"1","0","1","4","0","P","cmc","Wifes_age",0.8
30.98,"3","4",2,"1","1","3","3","0","P","cmc","Wifes_age",0.8
48.12,"4","4",1,"1","1","3","4","0","P","cmc","Wifes_age",0.8
38.51,"2","3",2,"1","1","1","4","0","P","cmc","Wifes_age",0.8
24.37,"2","4",3,"1","1","3","4","0","P","cmc","Wifes_age",0.8
22.08,"2","2",1,"1","1","3","2","0","P","cmc","Wifes_age",0.8
26.32,"3","4",4,"1","1","1","4","0","P","cmc","Wifes_age",0.8
25.06,"1","2",12,"1","1","2","3","0","P","cmc","Wifes_age",0.8
17.57,"4","4",2,"1","1","3","2","0","P","cmc","Wifes_age",0.8
17.54,"4","4",0,"1","1","3","2","0","P","cmc","Wifes_age",0.8
6.35,"3","4",0,"1","1","3","3","0","P","cmc","Wifes_age",0.8
33.28,"4","4",1,"1","1","1","3","0","P","cmc","Wifes_age",0.8
30.86,"2","3",1,"1","1","3","3","0","P","cmc","Wifes_age",0.8
42.48,"2","4",3,"1","1","1","3","0","P","cmc","Wifes_age",0.8
31.54,"1","2",4,"1","1","1","4","1","P","cmc","Wifes_age",0.8
44.65,"2","4",1,"1","1","2","3","0","P","cmc","Wifes_age",0.8
28.12,"3","4",0,"1","0","1","3","0","P","cmc","Wifes_age",0.8
23.86,"4","4",1,"1","0","3","3","0","P","cmc","Wifes_age",0.8
18.12,"4","4",1,"0","0","2","4","0","P","cmc","Wifes_age",0.8
33.43,"4","4",2,"0","1","1","4","0","P","cmc","Wifes_age",0.8
25.74,"2","2",5,"1","0","3","2","1","P","cmc","Wifes_age",0.8
39.43,"2","2",5,"0","1","2","2","0","P","cmc","Wifes_age",0.8
55.48,"2","2",8,"1","1","1","3","0","P","cmc","Wifes_age",0.8
40.39,"3","4",10,"1","1","3","3","0","P","cmc","Wifes_age",0.8
40.73,"3","4",6,"1","0","2","2","0","P","cmc","Wifes_age",0.8
37.9,"3","4",0,"1","1","3","4","0","P","cmc","Wifes_age",0.8
43.15,"2","3",4,"1","1","2","3","0","P","cmc","Wifes_age",0.8
55.49,"2","2",4,"1","1","3","1","0","P","cmc","Wifes_age",0.8
34.4,"4","4",1,"1","1","2","4","0","P","cmc","Wifes_age",0.8
48.88,"4","4",4,"0","1","1","4","0","P","cmc","Wifes_age",0.8
37.77,"4","4",3,"1","1","1","4","0","P","cmc","Wifes_age",0.8
42.33,"4","4",2,"1","1","1","4","0","P","cmc","Wifes_age",0.8
12.29,"3","3",1,"1","0","2","4","0","P","cmc","Wifes_age",0.8
6.6,"3","4",0,"1","0","2","3","0","P","cmc","Wifes_age",0.8
51.85,"2","3",3,"0","1","2","3","0","P","cmc","Wifes_age",0.8
24.87,"3","3",2,"1","0","3","2","0","P","cmc","Wifes_age",0.8
31.83,"2","4",0,"1","0","3","4","0","P","cmc","Wifes_age",0.8
42.4,"1","1",0,"0","0","2","1","0","P","cmc","Wifes_age",0.8
34.34,"4","4",3,"1","0","2","3","0","P","cmc","Wifes_age",0.8
33.67,"1","4",9,"1","1","1","2","0","P","cmc","Wifes_age",0.8
22.45,"2","3",1,"1","1","3","1","0","P","cmc","Wifes_age",0.8
23.33,"3","4",1,"0","1","2","2","0","P","cmc","Wifes_age",0.8
41.78,"1","2",0,"1","0","3","3","0","P","cmc","Wifes_age",0.8
37.78,"4","4",6,"1","1","1","3","0","P","cmc","Wifes_age",0.8
21.35,"3","4",4,"1","1","1","3","0","P","cmc","Wifes_age",0.8
30.83,"1","4",2,"1","1","2","2","0","P","cmc","Wifes_age",0.8
26.67,"4","4",0,"1","0","2","4","0","P","cmc","Wifes_age",0.8
32.57,"2","3",8,"1","1","3","3","1","P","cmc","Wifes_age",0.8
18.16,"4","4",1,"1","1","1","4","0","P","cmc","Wifes_age",0.8
37.61,"1","2",8,"1","1","2","2","1","P","cmc","Wifes_age",0.8
56.88,"1","4",8,"1","1","1","4","1","P","cmc","Wifes_age",0.8
22.87,"3","4",2,"1","1","1","3","0","P","cmc","Wifes_age",0.8
32.05,"1","1",7,"1","1","2","3","0","P","cmc","Wifes_age",0.8
21.77,"4","4",1,"1","1","3","4","0","P","cmc","Wifes_age",0.8
53.7,"4","4",1,"1","0","1","4","0","P","cmc","Wifes_age",0.8
35.1,"1","3",1,"1","1","3","4","0","P","cmc","Wifes_age",0.8
37.8,"3","3",4,"1","1","2","4","0","P","cmc","Wifes_age",0.8
49.85,"2","3",11,"1","1","2","3","0","P","cmc","Wifes_age",0.8
23.82,"3","4",2,"1","1","1","3","0","P","cmc","Wifes_age",0.8
30.49,"1","4",1,"1","1","3","3","0","P","cmc","Wifes_age",0.8
44.42,"1","2",8,"1","1","3","1","1","P","cmc","Wifes_age",0.8
40.11,"1","4",7,"1","1","2","3","0","P","cmc","Wifes_age",0.8
33.69,"4","4",4,"1","1","2","4","0","P","cmc","Wifes_age",0.8
33.74,"2","3",2,"1","1","3","1","0","P","cmc","Wifes_age",0.8
52.83,"1","1",6,"1","1","2","3","1","P","cmc","Wifes_age",0.8
43.61,"1","2",2,"1","1","2","3","1","P","cmc","Wifes_age",0.8
28.12,"3","4",1,"1","0","3","3","0","P","cmc","Wifes_age",0.8
50.07,"3","4",5,"1","1","2","3","0","P","cmc","Wifes_age",0.8
37.2,"1","2",8,"1","1","3","3","1","P","cmc","Wifes_age",0.8
53.34,"3","4",0,"1","1","1","3","0","P","cmc","Wifes_age",0.8
30.88,"4","4",3,"0","1","2","4","0","P","cmc","Wifes_age",0.8
33.63,"1","1",5,"1","1","3","1","1","P","cmc","Wifes_age",0.8
40.59,"3","4",7,"1","1","3","4","0","P","cmc","Wifes_age",0.8
28.09,"2","1",6,"1","1","2","3","0","P","cmc","Wifes_age",0.8
16.28,"3","4",3,"1","1","1","1","0","P","cmc","Wifes_age",0.8
48.28,"4","4",6,"0","0","1","4","0","P","cmc","Wifes_age",0.8
30.02,"4","4",1,"1","0","1","4","0","P","cmc","Wifes_age",0.8
24.21,"4","4",5,"1","1","1","4","0","P","cmc","Wifes_age",0.8
28.3,"2","4",0,"1","1","3","1","0","P","cmc","Wifes_age",0.8
20.15,"4","2",0,"1","0","3","3","0","P","cmc","Wifes_age",0.8
28.86,"4","4",2,"1","0","1","4","0","P","cmc","Wifes_age",0.8
40.94,"2","4",8,"1","1","2","3","0","P","cmc","Wifes_age",0.8
41.41,"3","1",5,"1","1","3","2","0","P","cmc","Wifes_age",0.8
25.49,"1","4",0,"1","0","4","1","0","P","cmc","Wifes_age",0.8
24.34,"2","4",0,"1","1","2","2","0","P","cmc","Wifes_age",0.8
24.19,"3","4",2,"1","1","3","3","0","P","cmc","Wifes_age",0.8
22.97,"3","3",5,"1","1","3","3","0","P","cmc","Wifes_age",0.8
28.76,"3","3",1,"1","1","2","2","0","P","cmc","Wifes_age",0.8
25.43,"1","2",6,"1","1","2","1","1","P","cmc","Wifes_age",0.8
20.19,"3","4",1,"1","1","3","2","0","P","cmc","Wifes_age",0.8
21.61,"3","4",2,"1","1","2","4","0","P","cmc","Wifes_age",0.8
38.06,"3","1",1,"1","1","2","3","0","P","cmc","Wifes_age",0.8
15.76,"1","3",1,"1","1","4","2","0","P","cmc","Wifes_age",0.8
20,"3","4",4,"1","1","3","1","1","P","cmc","Wifes_age",0.8
21.87,"4","4",1,"1","0","1","3","0","P","cmc","Wifes_age",0.8
29.45,"4","4",3,"1","1","1","4","0","P","cmc","Wifes_age",0.8
16.67,"3","4",2,"1","1","3","2","0","P","cmc","Wifes_age",0.8
25.85,"3","3",1,"1","0","3","4","0","P","cmc","Wifes_age",0.8
26.85,"4","4",0,"1","1","2","1","1","P","cmc","Wifes_age",0.8
36.7,"2","3",6,"1","1","2","3","0","P","cmc","Wifes_age",0.8
52.82,"3","4",0,"1","1","1","3","0","P","cmc","Wifes_age",0.8
47.6,"2","2",7,"1","1","2","2","0","P","cmc","Wifes_age",0.8
26.96,"2","3",1,"1","1","2","1","0","P","cmc","Wifes_age",0.8
37.45,"4","4",3,"1","1","1","4","0","P","cmc","Wifes_age",0.8
32.77,"2","2",9,"1","0","2","3","0","P","cmc","Wifes_age",0.8
40.22,"4","4",1,"1","0","1","3","0","P","cmc","Wifes_age",0.8
17.23,"3","4",1,"1","1","3","3","0","P","cmc","Wifes_age",0.8
32.59,"2","3",2,"1","1","3","2","0","P","cmc","Wifes_age",0.8
23.69,"3","4",0,"1","0","3","3","0","P","cmc","Wifes_age",0.8
28.53,"4","4",1,"1","1","3","4","0","P","cmc","Wifes_age",0.8
15.27,"4","4",1,"1","1","1","3","0","P","cmc","Wifes_age",0.8
32.4,"4","4",0,"1","1","3","4","0","P","cmc","Wifes_age",0.8
35.04,"4","4",5,"1","1","1","4","0","P","cmc","Wifes_age",0.8
39.44,"1","3",4,"1","0","2","2","0","P","cmc","Wifes_age",0.8
46.54,"2","3",10,"1","1","3","4","0","P","cmc","Wifes_age",0.8
52.78,"2","3",6,"1","1","3","2","1","P","cmc","Wifes_age",0.8
22.71,"3","4",4,"0","1","2","3","0","P","cmc","Wifes_age",0.8
35.62,"2","4",2,"1","1","3","2","1","P","cmc","Wifes_age",0.8
41.58,"2","2",6,"1","1","3","4","0","P","cmc","Wifes_age",0.8
34.1,"3","3",5,"1","1","2","2","0","P","cmc","Wifes_age",0.8
28.75,"4","4",2,"1","1","1","2","0","P","cmc","Wifes_age",0.8
44.21,"1","2",2,"1","1","3","1","0","P","cmc","Wifes_age",0.8
36.42,"4","4",3,"1","0","1","4","0","P","cmc","Wifes_age",0.8
29.26,"4","4",2,"1","1","1","3","0","P","cmc","Wifes_age",0.8
34.99,"2","4",6,"1","0","3","4","0","P","cmc","Wifes_age",0.8
35.43,"1","3",7,"1","0","1","3","0","P","cmc","Wifes_age",0.8
40.74,"4","4",5,"1","1","1","3","0","P","cmc","Wifes_age",0.8
14.46,"3","4",0,"1","0","3","4","0","P","cmc","Wifes_age",0.8
28.8,"3","4",0,"1","1","3","3","0","P","cmc","Wifes_age",0.8
33.22,"2","3",1,"1","0","4","4","0","P","cmc","Wifes_age",0.8
18.28,"3","4",1,"0","1","2","2","0","P","cmc","Wifes_age",0.8
46.16,"3","4",4,"1","0","2","4","0","P","cmc","Wifes_age",0.8
49.9,"3","4",11,"1","1","1","4","0","P","cmc","Wifes_age",0.8
35.25,"2","3",12,"1","1","3","1","0","P","cmc","Wifes_age",0.8
7.91,"2","4",1,"1","1","3","4","0","P","cmc","Wifes_age",0.8
50.39,"4","4",1,"0","1","1","4","0","P","cmc","Wifes_age",0.8
42.3,"1","3",12,"1","1","2","4","0","P","cmc","Wifes_age",0.8
39.63,"4","4",3,"1","1","1","4","0","P","cmc","Wifes_age",0.8
41.8,"4","4",3,"0","0","1","3","0","P","cmc","Wifes_age",0.8
44.1,"4","4",1,"1","0","1","4","0","P","cmc","Wifes_age",0.8
21.32,"2","3",1,"1","0","3","4","1","P","cmc","Wifes_age",0.8
52.46,"4","4",1,"1","1","1","4","0","P","cmc","Wifes_age",0.8
20.89,"3","3",1,"1","0","2","4","0","P","cmc","Wifes_age",0.8
31.85,"4","3",3,"1","0","3","2","0","P","cmc","Wifes_age",0.8
27.82,"3","3",2,"1","0","3","3","0","P","cmc","Wifes_age",0.8
25.41,"3","4",2,"1","1","3","3","0","P","cmc","Wifes_age",0.8
41.84,"4","4",10,"1","1","1","3","0","P","cmc","Wifes_age",0.8
17.48,"2","3",3,"1","1","3","4","0","P","cmc","Wifes_age",0.8
14.02,"3","2",1,"1","0","3","3","0","P","cmc","Wifes_age",0.8
23.83,"4","4",0,"0","0","2","4","0","P","cmc","Wifes_age",0.8
29.99,"3","4",3,"0","0","2","4","0","P","cmc","Wifes_age",0.8
42.3,"3","3",3,"0","0","2","3","1","P","cmc","Wifes_age",0.8
38.06,"3","2",5,"1","1","4","4","0","P","cmc","Wifes_age",0.8
50.09,"3","4",2,"0","1","3","4","0","P","cmc","Wifes_age",0.8
26.57,"3","4",0,"1","1","3","3","0","P","cmc","Wifes_age",0.8
19.08,"4","4",4,"1","1","1","4","0","P","cmc","Wifes_age",0.8
28.28,"2","2",3,"0","0","2","4","0","P","cmc","Wifes_age",0.8
52.6,"3","4",3,"0","1","2","4","0","P","cmc","Wifes_age",0.8
35.28,"3","4",4,"0","1","2","4","0","P","cmc","Wifes_age",0.8
27.87,"4","4",1,"0","1","1","4","0","P","cmc","Wifes_age",0.8
43.17,"3","3",4,"0","0","3","2","1","P","cmc","Wifes_age",0.8
49.63,"3","4",8,"1","1","3","3","0","P","cmc","Wifes_age",0.8
35.89,"1","3",4,"1","0","3","4","0","P","cmc","Wifes_age",0.8
35.13,"1","1",6,"1","1","3","2","0","P","cmc","Wifes_age",0.8
41.76,"1","2",7,"1","1","3","1","1","P","cmc","Wifes_age",0.8
49.35,"2","2",7,"1","1","3","1","1","P","cmc","Wifes_age",0.8
36.65,"3","4",4,"0","1","3","1","1","P","cmc","Wifes_age",0.8
34.41,"2","4",1,"1","1","3","4","0","P","cmc","Wifes_age",0.8
15.71,"3","2",1,"1","1","3","1","0","P","cmc","Wifes_age",0.8
32.36,"2","2",1,"1","1","3","1","1","P","cmc","Wifes_age",0.8
34.36,"2","2",2,"1","1","2","4","0","P","cmc","Wifes_age",0.8
32.18,"1","3",3,"1","0","2","4","0","P","cmc","Wifes_age",0.8
8.98,"3","3",2,"1","1","2","4","0","P","cmc","Wifes_age",0.8
20.32,"3","2",0,"1","1","2","2","0","P","cmc","Wifes_age",0.8
24.31,"3","4",0,"1","0","3","4","0","P","cmc","Wifes_age",0.8
47.32,"2","2",6,"1","1","2","2","1","P","cmc","Wifes_age",0.8
15.73,"3","4",1,"0","1","2","3","0","P","cmc","Wifes_age",0.8
49.09,"4","4",0,"0","0","3","4","0","P","cmc","Wifes_age",0.8
36.02,"3","4",2,"1","1","3","4","0","P","cmc","Wifes_age",0.8
34.9,"3","2",1,"1","1","3","4","0","P","cmc","Wifes_age",0.8
35.71,"4","4",3,"0","0","1","4","0","P","cmc","Wifes_age",0.8
19.66,"2","3",0,"1","1","3","4","0","P","cmc","Wifes_age",0.8
6.94,"4","4",2,"1","1","1","3","0","P","cmc","Wifes_age",0.8
43.68,"3","4",0,"1","1","3","4","0","P","cmc","Wifes_age",0.8
22.37,"3","4",2,"1","1","2","2","0","P","cmc","Wifes_age",0.8
30.11,"4","4",0,"0","1","2","4","0","P","cmc","Wifes_age",0.8
26.69,"2","1",0,"1","1","2","2","0","P","cmc","Wifes_age",0.8
39.67,"4","4",1,"1","1","1","4","0","P","cmc","Wifes_age",0.8
35.27,"4","4",1,"1","1","1","4","0","P","cmc","Wifes_age",0.8
35.44,"4","4",5,"1","0","3","4","0","P","cmc","Wifes_age",0.8
24.88,"2","2",4,"1","1","3","4","0","P","cmc","Wifes_age",0.8
48.72,"3","3",6,"1","1","2","3","0","P","cmc","Wifes_age",0.8
53.07,"2","3",5,"1","1","1","1","0","P","cmc","Wifes_age",0.8
31.94,"3","4",2,"1","1","1","4","0","P","cmc","Wifes_age",0.8
28.07,"1","3",1,"1","1","3","1","0","P","cmc","Wifes_age",0.8
30.12,"4","4",3,"1","1","1","2","0","P","cmc","Wifes_age",0.8
37.83,"1","1",4,"1","1","2","2","0","P","cmc","Wifes_age",0.8
47.66,"1","1",8,"1","1","1","1","1","P","cmc","Wifes_age",0.8
42.65,"2","2",10,"1","1","3","2","0","P","cmc","Wifes_age",0.8
26.79,"1","3",4,"1","1","2","2","1","P","cmc","Wifes_age",0.8
44.39,"1","2",2,"1","1","2","4","0","P","cmc","Wifes_age",0.8
27.75,"4","4",3,"1","1","1","4","0","P","cmc","Wifes_age",0.8
36.75,"1","1",0,"1","1","3","2","0","P","cmc","Wifes_age",0.8
39.45,"4","4",6,"1","1","1","4","0","P","cmc","Wifes_age",0.8
27.88,"3","3",3,"1","1","3","4","0","P","cmc","Wifes_age",0.8
49.33,"1","2",5,"1","0","2","2","1","P","cmc","Wifes_age",0.8
14.93,"2","4",3,"1","1","3","2","0","P","cmc","Wifes_age",0.8
38.35,"4","4",0,"0","0","2","4","0","P","cmc","Wifes_age",0.8
43.95,"4","4",4,"1","1","3","4","0","N","cmc","Wifes_age",0.8
46.02,"4","4",3,"1","1","1","4","0","N","cmc","Wifes_age",0.8
36.41,"4","4",4,"1","1","3","3","0","N","cmc","Wifes_age",0.8
45.37,"4","4",6,"1","1","1","3","0","N","cmc","Wifes_age",0.8
55.16,"3","4",4,"1","1","3","4","0","N","cmc","Wifes_age",0.8
19.05,"4","4",1,"1","1","1","3","0","N","cmc","Wifes_age",0.8
22,"3","4",3,"1","1","1","4","0","N","cmc","Wifes_age",0.8
29.03,"4","4",1,"1","1","1","3","0","N","cmc","Wifes_age",0.8
31.51,"4","4",3,"1","0","1","4","0","N","cmc","Wifes_age",0.8
46.42,"2","2",9,"1","1","3","3","0","N","cmc","Wifes_age",0.8
45.95,"4","4",4,"1","1","1","4","0","N","cmc","Wifes_age",0.8
27.11,"2","2",7,"1","1","3","4","0","N","cmc","Wifes_age",0.8
37.19,"4","4",5,"1","0","1","4","0","N","cmc","Wifes_age",0.8
30.73,"2","4",2,"1","1","1","4","0","N","cmc","Wifes_age",0.8
50.42,"4","4",3,"1","1","1","4","0","N","cmc","Wifes_age",0.8
26.17,"3","3",2,"1","1","3","4","0","N","cmc","Wifes_age",0.8
25.78,"4","4",4,"1","1","1","2","0","N","cmc","Wifes_age",0.8
37.24,"4","4",3,"1","1","1","3","0","N","cmc","Wifes_age",0.8
18.45,"4","4",2,"0","1","1","4","0","N","cmc","Wifes_age",0.8
29.1,"4","4",3,"1","1","2","1","0","N","cmc","Wifes_age",0.8
22.4,"4","4",4,"1","1","2","4","0","N","cmc","Wifes_age",0.8
20.71,"3","4",3,"1","1","2","3","0","N","cmc","Wifes_age",0.8
40.95,"1","4",2,"1","1","1","3","0","N","cmc","Wifes_age",0.8
35.08,"4","4",3,"1","1","1","4","0","N","cmc","Wifes_age",0.8
24.56,"3","4",2,"1","1","3","3","0","N","cmc","Wifes_age",0.8
41.36,"4","4",8,"1","1","1","4","0","N","cmc","Wifes_age",0.8
47.55,"3","3",4,"1","0","3","3","0","N","cmc","Wifes_age",0.8
22.74,"3","1",1,"1","0","3","3","0","N","cmc","Wifes_age",0.8
53.43,"2","3",4,"1","1","1","2","0","N","cmc","Wifes_age",0.8
30.88,"4","4",1,"1","0","2","2","0","N","cmc","Wifes_age",0.8
46.1,"3","4",3,"0","1","1","4","0","N","cmc","Wifes_age",0.8
31.2,"3","4",7,"0","1","2","3","0","N","cmc","Wifes_age",0.8
21.67,"4","4",1,"1","1","1","4","0","N","cmc","Wifes_age",0.8
43.35,"1","3",4,"1","1","1","4","0","N","cmc","Wifes_age",0.8
48.55,"3","3",9,"1","1","1","1","0","N","cmc","Wifes_age",0.8
18.05,"4","4",1,"1","1","2","4","0","N","cmc","Wifes_age",0.8
16.43,"4","4",1,"1","0","3","3","0","N","cmc","Wifes_age",0.8
38.42,"3","4",4,"1","1","3","3","0","N","cmc","Wifes_age",0.8
41.95,"3","4",2,"1","1","1","4","0","N","cmc","Wifes_age",0.8
21.4,"4","4",1,"1","0","2","3","0","N","cmc","Wifes_age",0.8
33.49,"4","4",7,"1","1","1","4","0","N","cmc","Wifes_age",0.8
18.44,"3","4",3,"1","1","1","4","0","N","cmc","Wifes_age",0.8
46.97,"4","4",4,"0","1","2","4","0","N","cmc","Wifes_age",0.8
37.15,"4","4",3,"1","0","2","3","0","N","cmc","Wifes_age",0.8
27.36,"3","4",3,"1","1","1","3","0","N","cmc","Wifes_age",0.8
19.08,"4","4",1,"1","0","1","4","0","N","cmc","Wifes_age",0.8
29.41,"4","4",2,"0","0","1","3","0","N","cmc","Wifes_age",0.8
23.25,"4","4",1,"0","1","1","4","0","N","cmc","Wifes_age",0.8
27.16,"4","4",4,"1","1","2","3","0","N","cmc","Wifes_age",0.8
36.47,"4","4",3,"1","1","1","4","0","N","cmc","Wifes_age",0.8
47.2,"4","4",4,"1","1","1","4","0","N","cmc","Wifes_age",0.8
38.89,"2","4",4,"0","1","3","2","0","N","cmc","Wifes_age",0.8
37.96,"4","4",3,"1","1","3","4","0","N","cmc","Wifes_age",0.8
35.95,"4","4",5,"1","1","2","4","0","N","cmc","Wifes_age",0.8
25.12,"4","4",1,"1","1","3","3","0","N","cmc","Wifes_age",0.8
32.18,"2","2",8,"1","1","2","2","0","N","cmc","Wifes_age",0.8
32.97,"4","4",4,"0","0","2","4","0","N","cmc","Wifes_age",0.8
32.6,"1","2",9,"1","0","3","1","0","N","cmc","Wifes_age",0.8
35.91,"4","4",3,"1","1","3","2","0","N","cmc","Wifes_age",0.8
22.79,"3","3",2,"1","1","1","3","0","N","cmc","Wifes_age",0.8
18.51,"3","3",2,"1","1","3","3","0","N","cmc","Wifes_age",0.8
32.53,"2","3",5,"1","1","3","1","1","N","cmc","Wifes_age",0.8
37.32,"4","4",3,"1","1","3","3","0","N","cmc","Wifes_age",0.8
28.43,"3","4",3,"1","1","1","4","0","N","cmc","Wifes_age",0.8
24.24,"4","4",2,"1","0","3","4","0","N","cmc","Wifes_age",0.8
38.88,"4","4",3,"0","1","2","4","0","N","cmc","Wifes_age",0.8
38.59,"3","4",3,"1","1","1","3","0","N","cmc","Wifes_age",0.8
43.14,"4","4",5,"1","1","1","3","0","N","cmc","Wifes_age",0.8
49.72,"3","3",6,"1","0","3","2","0","N","cmc","Wifes_age",0.8
60.37,"3","4",6,"1","1","3","2","0","N","cmc","Wifes_age",0.8
34.37,"4","4",2,"1","1","2","4","0","N","cmc","Wifes_age",0.8
37.16,"4","4",3,"1","0","1","4","0","N","cmc","Wifes_age",0.8
28.82,"3","4",2,"1","1","1","4","0","N","cmc","Wifes_age",0.8
25.13,"4","4",1,"0","1","2","3","0","N","cmc","Wifes_age",0.8
24.16,"3","4",2,"0","1","2","3","0","N","cmc","Wifes_age",0.8
36.71,"2","1",5,"1","0","2","2","0","N","cmc","Wifes_age",0.8
33.41,"2","2",4,"1","1","3","4","0","N","cmc","Wifes_age",0.8
25.36,"4","4",1,"1","1","1","4","0","N","cmc","Wifes_age",0.8
42.34,"3","4",3,"0","1","2","4","0","N","cmc","Wifes_age",0.8
11.15,"3","4",2,"0","1","3","3","0","N","cmc","Wifes_age",0.8
22.87,"4","4",1,"1","0","3","4","0","N","cmc","Wifes_age",0.8
45.67,"2","2",4,"1","1","4","3","1","N","cmc","Wifes_age",0.8
29.81,"4","4",3,"0","1","2","4","0","N","cmc","Wifes_age",0.8
36.27,"4","4",5,"1","1","1","4","0","N","cmc","Wifes_age",0.8
41.97,"3","4",5,"1","1","3","4","0","N","cmc","Wifes_age",0.8
21.03,"4","4",2,"1","1","1","3","0","N","cmc","Wifes_age",0.8
55.16,"4","4",3,"0","1","1","4","0","N","cmc","Wifes_age",0.8
15.86,"3","1",2,"1","0","3","4","0","N","cmc","Wifes_age",0.8
38.25,"4","4",4,"1","1","2","4","0","N","cmc","Wifes_age",0.8
47.11,"4","4",7,"1","0","1","4","0","N","cmc","Wifes_age",0.8
35.6,"4","4",4,"1","0","3","3","0","N","cmc","Wifes_age",0.8
41.71,"3","3",4,"1","1","1","3","0","N","cmc","Wifes_age",0.8
29.69,"4","4",3,"1","0","3","4","0","N","cmc","Wifes_age",0.8
37.61,"4","4",4,"0","0","2","4","0","N","cmc","Wifes_age",0.8
40.86,"3","3",5,"0","1","1","3","0","N","cmc","Wifes_age",0.8
34.46,"4","4",4,"0","1","2","4","0","N","cmc","Wifes_age",0.8
35.21,"4","4",3,"0","0","2","4","0","N","cmc","Wifes_age",0.8
42.33,"3","3",4,"0","1","3","4","0","N","cmc","Wifes_age",0.8
42.46,"2","4",5,"0","1","2","3","0","N","cmc","Wifes_age",0.8
38.72,"4","4",6,"1","1","1","4","0","N","cmc","Wifes_age",0.8
43.03,"4","4",5,"0","1","1","4","0","N","cmc","Wifes_age",0.8
39.53,"4","4",2,"0","0","3","2","0","N","cmc","Wifes_age",0.8
39.94,"2","3",1,"0","1","2","4","0","N","cmc","Wifes_age",0.8
54.88,"4","4",4,"0","1","1","4","0","N","cmc","Wifes_age",0.8
34.77,"4","4",3,"1","1","1","4","0","N","cmc","Wifes_age",0.8
49,"1","2",5,"1","1","3","4","0","N","cmc","Wifes_age",0.8
41.72,"3","2",5,"1","1","3","3","0","N","cmc","Wifes_age",0.8
30.98,"3","3",6,"1","1","1","4","0","N","cmc","Wifes_age",0.8
23.86,"4","4",2,"1","0","3","3","0","N","cmc","Wifes_age",0.8
25.9,"3","3",1,"0","1","3","2","0","N","cmc","Wifes_age",0.8
41.72,"4","3",9,"1","1","3","3","0","N","cmc","Wifes_age",0.8
42.59,"4","4",3,"1","0","1","4","0","N","cmc","Wifes_age",0.8
37.27,"2","2",6,"1","0","2","2","1","N","cmc","Wifes_age",0.8
19.33,"2","3",7,"1","1","3","3","0","N","cmc","Wifes_age",0.8
25.54,"3","4",1,"1","1","3","3","0","N","cmc","Wifes_age",0.8
43.51,"2","4",3,"1","1","3","4","0","N","cmc","Wifes_age",0.8
50.32,"4","4",5,"0","1","1","4","0","N","cmc","Wifes_age",0.8
28.58,"2","2",4,"1","1","3","3","0","N","cmc","Wifes_age",0.8
28.89,"1","2",3,"1","1","3","2","0","N","cmc","Wifes_age",0.8
33.09,"2","4",3,"1","1","1","3","0","N","cmc","Wifes_age",0.8
32.57,"3","4",4,"1","0","1","4","0","N","cmc","Wifes_age",0.8
41.15,"3","4",4,"1","0","3","4","0","N","cmc","Wifes_age",0.8
22.66,"2","3",3,"1","1","3","3","0","N","cmc","Wifes_age",0.8
28.18,"3","4",1,"1","0","3","4","0","N","cmc","Wifes_age",0.8
26.94,"4","4",5,"1","0","1","4","0","N","cmc","Wifes_age",0.8
23.89,"4","4",2,"1","1","3","3","0","N","cmc","Wifes_age",0.8
33.01,"2","4",3,"1","1","3","3","0","N","cmc","Wifes_age",0.8
32.31,"4","4",4,"1","1","1","3","0","N","cmc","Wifes_age",0.8
34.25,"2","3",9,"1","1","3","3","0","N","cmc","Wifes_age",0.8
50.4,"3","3",6,"1","1","3","3","0","N","cmc","Wifes_age",0.8
41.72,"3","3",11,"1","1","1","2","0","N","cmc","Wifes_age",0.8
43.5,"4","4",4,"0","1","2","3","0","N","cmc","Wifes_age",0.8
39.96,"2","3",6,"1","1","2","3","0","N","cmc","Wifes_age",0.8
33.76,"4","4",3,"1","1","3","3","0","N","cmc","Wifes_age",0.8
17.47,"4","4",2,"1","1","2","3","0","N","cmc","Wifes_age",0.8
9.16,"1","2",3,"1","1","3","2","0","N","cmc","Wifes_age",0.8
20.23,"2","3",1,"1","1","3","1","0","N","cmc","Wifes_age",0.8
32.01,"3","2",1,"1","1","3","1","1","N","cmc","Wifes_age",0.8
29.51,"2","4",2,"1","1","2","4","0","N","cmc","Wifes_age",0.8
27.22,"4","4",1,"1","0","2","4","0","N","cmc","Wifes_age",0.8
30.38,"4","4",2,"1","1","1","4","0","N","cmc","Wifes_age",0.8
23.64,"4","4",1,"1","1","1","4","0","N","cmc","Wifes_age",0.8
21.92,"3","4",3,"0","1","3","3","0","N","cmc","Wifes_age",0.8
42.84,"2","3",3,"1","1","3","3","0","N","cmc","Wifes_age",0.8
31.69,"4","4",2,"1","1","3","3","0","N","cmc","Wifes_age",0.8
33.29,"2","4",4,"1","1","3","2","0","N","cmc","Wifes_age",0.8
13.78,"3","4",4,"1","1","3","1","0","N","cmc","Wifes_age",0.8
18.77,"3","3",2,"1","1","3","2","0","N","cmc","Wifes_age",0.8
31.93,"1","2",1,"1","1","3","3","0","N","cmc","Wifes_age",0.8
13.72,"4","4",1,"1","1","2","4","0","N","cmc","Wifes_age",0.8
29.5,"3","3",4,"1","0","3","2","0","N","cmc","Wifes_age",0.8
27.1,"4","4",1,"1","1","2","3","0","N","cmc","Wifes_age",0.8
31.44,"4","4",2,"1","1","1","2","0","N","cmc","Wifes_age",0.8
42.36,"4","4",5,"1","0","1","4","0","N","cmc","Wifes_age",0.8
28.01,"2","3",3,"1","1","2","4","0","N","cmc","Wifes_age",0.8
27.57,"3","3",1,"1","1","3","2","0","N","cmc","Wifes_age",0.8
31.41,"2","2",6,"1","0","2","3","0","N","cmc","Wifes_age",0.8
26.92,"3","4",3,"1","1","2","4","0","N","cmc","Wifes_age",0.8
18.42,"4","4",2,"1","1","3","3","0","N","cmc","Wifes_age",0.8
36.91,"4","4",2,"1","0","1","4","0","N","cmc","Wifes_age",0.8
39.76,"3","3",4,"1","0","2","3","0","N","cmc","Wifes_age",0.8
27.66,"3","3",2,"1","0","2","2","0","N","cmc","Wifes_age",0.8
34.38,"3","4",5,"1","1","3","3","0","N","cmc","Wifes_age",0.8
26.52,"3","3",4,"1","1","2","1","0","N","cmc","Wifes_age",0.8
39.89,"4","4",1,"1","0","3","2","0","N","cmc","Wifes_age",0.8
39.7,"4","4",1,"0","1","1","4","0","N","cmc","Wifes_age",0.8
27.66,"1","2",4,"1","1","3","3","0","N","cmc","Wifes_age",0.8
38.92,"1","2",4,"1","1","3","1","1","N","cmc","Wifes_age",0.8
32.56,"2","2",7,"1","0","2","2","1","N","cmc","Wifes_age",0.8
24.71,"3","4",2,"1","0","2","4","0","N","cmc","Wifes_age",0.8
39.96,"4","4",3,"1","1","1","4","0","N","cmc","Wifes_age",0.8
34.26,"4","4",1,"1","1","2","4","0","N","cmc","Wifes_age",0.8
29.97,"4","4",5,"1","1","3","3","0","N","cmc","Wifes_age",0.8
33.43,"3","4",2,"1","0","2","4","0","N","cmc","Wifes_age",0.8
22.96,"4","4",2,"0","1","1","4","0","N","cmc","Wifes_age",0.8
41.37,"4","4",4,"1","0","1","4","0","N","cmc","Wifes_age",0.8
29.2,"1","2",5,"1","1","3","3","0","N","cmc","Wifes_age",0.8
35.37,"4","4",3,"0","0","2","4","0","N","cmc","Wifes_age",0.8
23.53,"2","2",2,"1","1","3","2","0","N","cmc","Wifes_age",0.8
24.66,"3","3",2,"1","1","2","2","1","N","cmc","Wifes_age",0.8
11.87,"3","3",1,"1","1","2","2","0","N","cmc","Wifes_age",0.8
30.56,"3","2",3,"1","1","3","3","0","N","cmc","Wifes_age",0.8
30.93,"2","3",6,"1","0","3","2","0","N","cmc","Wifes_age",0.8
1.77,"3","3",2,"1","1","3","1","0","N","cmc","Wifes_age",0.8
24.16,"2","4",7,"1","1","3","3","0","N","cmc","Wifes_age",0.8
28.83,"3","3",1,"1","1","3","1","0","N","cmc","Wifes_age",0.8
19.88,"3","4",4,"1","1","3","4","0","N","cmc","Wifes_age",0.8
40.74,"3","4",3,"1","1","3","3","0","N","cmc","Wifes_age",0.8
20.73,"3","4",2,"1","1","3","3","0","N","cmc","Wifes_age",0.8
21.45,"4","4",3,"1","1","3","2","0","N","cmc","Wifes_age",0.8
41.66,"2","4",5,"1","1","1","4","0","N","cmc","Wifes_age",0.8
48.89,"1","3",9,"1","0","3","3","0","N","cmc","Wifes_age",0.8
30.66,"1","1",5,"1","1","3","3","0","N","cmc","Wifes_age",0.8
29.02,"2","3",6,"1","1","2","4","0","N","cmc","Wifes_age",0.8
32.61,"4","4",3,"1","1","2","4","0","N","cmc","Wifes_age",0.8
26.87,"4","4",4,"1","1","3","4","0","N","cmc","Wifes_age",0.8
26.94,"4","4",2,"1","1","3","3","0","N","cmc","Wifes_age",0.8
14.75,"4","4",2,"1","1","2","3","0","N","cmc","Wifes_age",0.8
29.56,"3","4",3,"1","1","3","4","0","N","cmc","Wifes_age",0.8
20.72,"3","3",3,"1","1","3","3","0","N","cmc","Wifes_age",0.8
11.75,"4","3",2,"1","0","2","3","0","N","cmc","Wifes_age",0.8
29.16,"3","4",9,"1","1","3","4","0","N","cmc","Wifes_age",0.8
32.44,"4","3",2,"1","1","3","2","0","N","cmc","Wifes_age",0.8
40.23,"2","2",5,"1","1","2","4","0","N","cmc","Wifes_age",0.8
60.04,"4","4",5,"1","1","3","2","0","N","cmc","Wifes_age",0.8
27.3,"1","4",5,"1","0","2","4","0","N","cmc","Wifes_age",0.8
44.2,"4","4",5,"1","1","3","4","0","N","cmc","Wifes_age",0.8
35.64,"2","3",3,"0","1","3","2","1","N","cmc","Wifes_age",0.8
35.78,"2","3",6,"1","1","3","4","0","N","cmc","Wifes_age",0.8
42.88,"4","4",2,"0","1","1","4","0","N","cmc","Wifes_age",0.8
28.21,"2","4",2,"1","1","3","2","0","N","cmc","Wifes_age",0.8
18.08,"2","3",4,"1","1","2","3","0","N","cmc","Wifes_age",0.8
15.85,"3","4",3,"1","1","3","1","0","N","cmc","Wifes_age",0.8
38.52,"4","4",4,"1","0","3","4","0","N","cmc","Wifes_age",0.8
53.78,"4","3",5,"1","0","3","4","0","N","cmc","Wifes_age",0.8
28.91,"4","3",4,"1","1","3","3","0","N","cmc","Wifes_age",0.8
33.19,"2","4",5,"1","1","3","4","0","N","cmc","Wifes_age",0.8
16.3,"4","4",2,"0","0","2","4","0","N","cmc","Wifes_age",0.8
23.99,"4","4",1,"0","0","2","4","0","N","cmc","Wifes_age",0.8
47.46,"4","4",5,"0","1","2","4","0","N","cmc","Wifes_age",0.8
18.42,"4","4",1,"1","1","1","3","0","N","cmc","Wifes_age",0.8
41.28,"4","4",6,"1","1","1","4","0","N","cmc","Wifes_age",0.8
42.91,"2","3",5,"1","0","3","4","0","N","cmc","Wifes_age",0.8
13.75,"4","4",1,"1","1","1","4","0","N","cmc","Wifes_age",0.8
28.31,"2","4",6,"1","1","3","3","0","N","cmc","Wifes_age",0.8
51.46,"3","4",5,"0","1","1","4","0","N","cmc","Wifes_age",0.8
31.51,"4","4",1,"0","0","2","4","0","N","cmc","Wifes_age",0.8
24.9,"3","3",1,"0","0","2","4","0","N","cmc","Wifes_age",0.8
36.4,"4","4",3,"0","1","2","4","0","N","cmc","Wifes_age",0.8
21.26,"2","2",0,"0","1","4","4","0","N","cmc","Wifes_age",0.8
26.11,"4","4",2,"1","1","3","4","0","N","cmc","Wifes_age",0.8
19.14,"4","4",3,"0","1","3","4","0","N","cmc","Wifes_age",0.8
54.91,"2","3",3,"0","0","2","4","0","N","cmc","Wifes_age",0.8
30.02,"4","4",2,"0","0","2","4","0","N","cmc","Wifes_age",0.8
36.21,"2","3",5,"1","1","3","3","0","N","cmc","Wifes_age",0.8
15.87,"4","4",1,"1","1","2","3","0","N","cmc","Wifes_age",0.8
23.38,"4","4",4,"1","1","3","3","0","N","cmc","Wifes_age",0.8
40.17,"2","4",4,"1","0","2","3","0","N","cmc","Wifes_age",0.8
20.06,"3","2",4,"1","1","3","4","0","N","cmc","Wifes_age",0.8
23.52,"1","3",5,"1","1","3","4","0","N","cmc","Wifes_age",0.8
22.68,"3","4",5,"1","1","1","4","0","N","cmc","Wifes_age",0.8
25.22,"2","2",6,"1","1","2","3","0","N","cmc","Wifes_age",0.8
33.97,"2","2",4,"0","0","2","4","0","N","cmc","Wifes_age",0.8
21.77,"3","3",5,"1","1","2","4","0","N","cmc","Wifes_age",0.8
31.98,"2","2",3,"1","1","2","2","1","N","cmc","Wifes_age",0.8
45.5,"4","4",5,"0","0","2","4","0","N","cmc","Wifes_age",0.8
40.92,"4","3",1,"1","1","2","2","0","N","cmc","Wifes_age",0.8
23.94,"4","4",4,"1","1","1","2","1","N","cmc","Wifes_age",0.8
12.29,"4","4",1,"0","1","2","4","0","N","cmc","Wifes_age",0.8
33.75,"1","3",2,"1","1","3","4","0","N","cmc","Wifes_age",0.8
35.56,"2","2",1,"1","1","2","4","0","N","cmc","Wifes_age",0.8
24.35,"2","4",3,"1","1","1","3","0","N","cmc","Wifes_age",0.8
49.52,"2","4",6,"1","1","2","4","0","N","cmc","Wifes_age",0.8
30.89,"4","4",3,"1","1","1","4","0","N","cmc","Wifes_age",0.8
31.39,"4","4",2,"1","0","2","4","0","N","cmc","Wifes_age",0.8
36.15,"4","4",3,"1","1","1","4","0","N","cmc","Wifes_age",0.8
41.21,"3","3",8,"1","0","1","4","0","N","cmc","Wifes_age",0.8
39.54,"3","3",4,"1","0","2","2","0","N","cmc","Wifes_age",0.8
23.16,"3","3",1,"1","1","2","4","0","N","cmc","Wifes_age",0.8
