"Abbrev","Rep","Locality","Map_Ref","Latitude","Altitude","Rainfall","Frosts","Year","Sp","PMCno","DBH","Ht","Surv","Vig","Ins_res","Stem_Fm","Crown_Fm","Brnch_Fm","class","dataset_name","altered_attribute","noise_level"
"Cra",1,"Central_Hawkes_Bay","N135_382/137","39__38",100,850,-2,1980,"co",1520,18.45,9.96,40,3.97,3,3.5,4,3.5,"P","eucalyptus","Vig",1
"Cra",1,"Central_Hawkes_Bay","N135_382/137","39__38",100,850,-2,1980,"fr",1487,13.15,9.65,90,5.13,4,3.5,3.5,3,"N","eucalyptus","Vig",1
"Cra",1,"Central_Hawkes_Bay","N135_382/137","39__38",100,850,-2,1980,"ma",1362,10.32,6.5,50,2.05,2.5,3,3.5,3,"N","eucalyptus","Vig",1
"Cra",1,"Central_Hawkes_Bay","N135_382/137","39__38",100,850,-2,1980,"nd",1596,14.8,9.48,70,3.13,3,3.3,4,3.5,"P","eucalyptus","Vig",1
"Cra",1,"Central_Hawkes_Bay","N135_382/137","39__38",100,850,-2,1980,"ni",2088,14.5,10.78,90,4.19,2.7,3.3,3,3,"P","eucalyptus","Vig",1
"Cra",1,"Central_Hawkes_Bay","N135_382/137","39__38",100,850,-2,1980,"ob",1522,17.01,12.28,70,4.56,4,5,4,4.5,"N","eucalyptus","Vig",1
"Cra",1,"Central_Hawkes_Bay","N135_382/137","39__38",100,850,-2,1980,"ov",1521,13.93,9.77,80,5.5,2,3,3,3,"P","eucalyptus","Vig",1
"Cra",1,"Central_Hawkes_Bay","N135_382/137","39__38",100,850,-2,1980,"pu",1523,19.05,11.26,100,6.88,4.5,3.5,4,2,"N","eucalyptus","Vig",1
"Cra",1,"Central_Hawkes_Bay","N135_382/137","39__38",100,850,-2,1980,"rd",1524,7.62,6.59,80,0.61,2.5,3.3,3.5,3.5,"N","eucalyptus","Vig",1
"Cra",1,"Central_Hawkes_Bay","N135_382/137","39__38",100,850,-2,1980,"si",1525,14.75,9.13,50,2.85,4,3.3,3,3,"P","eucalyptus","Vig",1
"Cra",2,"Central_Hawkes_Bay","N135_382/137","39__38",100,850,-2,1980,"co",1520,8.15,6.72,70,2.5,3,3,3,3,"N","eucalyptus","Vig",1
"Cra",2,"Central_Hawkes_Bay","N135_382/137","39__38",100,850,-2,1980,"fr",1487,15.07,7.17,10,3.52,4,3.3,3,2,"P","eucalyptus","Vig",1
"Cra",2,"Central_Hawkes_Bay","N135_382/137","39__38",100,850,-2,1980,"ma",1362,8.99,6.05,60,3.89,3,3,4,4,"N","eucalyptus","Vig",1
"Cra",2,"Central_Hawkes_Bay","N135_382/137","39__38",100,850,-2,1980,"nd",1596,13.13,6.08,80,4.55,4,4,3.5,3.5,"N","eucalyptus","Vig",1
"Cra",2,"Central_Hawkes_Bay","N135_382/137","39__38",100,850,-2,1980,"ni",2088,10.78,8.93,100,2.8,2,3,3,3,"P","eucalyptus","Vig",1
"Cra",2,"Central_Hawkes_Bay","N135_382/137","39__38",100,850,-2,1980,"ob",1522,13.08,9.79,90,3.03,4.5,5,4,4,"N","eucalyptus","Vig",1
"Cra",2,"Central_Hawkes_Bay","N135_382/137","39__38",100,850,-2,1980,"ov",1521,10.22,8.32,100,3.78,1.8,3,3,3,"N","eucalyptus","Vig",1
"Cra",2,"Central_Hawkes_Bay","N135_382/137","39__38",100,850,-2,1980,"pu",1523,18.71,10.9,100,3.75,4,3.3,4,3,"N","eucalyptus","Vig",1
"Cra",2,"Central_Hawkes_Bay","N135_382/137","39__38",100,850,-2,1980,"rd",1524,8.23,6.5,70,1.31,2,3.3,4,3.5,"N","eucalyptus","Vig",1
"Cra",2,"Central_Hawkes_Bay","N135_382/137","39__38",100,850,-2,1980,"si",1525,17.52,9.22,60,4.37,3,3,3,2,"P","eucalyptus","Vig",1
"Cra",3,"Central_Hawkes_Bay","N135_382/137","39__38",100,850,-2,1980,"co",1520,10.75,5.91,50,3.39,4,3.3,3.5,3,"N","eucalyptus","Vig",1
"Cra",3,"Central_Hawkes_Bay","N135_382/137","39__38",100,850,-2,1980,"fr",1487,21.52,8.77,20,3.15,3.5,3,3,1,"N","eucalyptus","Vig",1
"Cra",3,"Central_Hawkes_Bay","N135_382/137","39__38",100,850,-2,1980,"ma",1362,15.22,6.5,30,1.98,4,3,3,3,"N","eucalyptus","Vig",1
"Cra",3,"Central_Hawkes_Bay","N135_382/137","39__38",100,850,-2,1980,"nd",1596,9.73,8.67,70,0.99,4,3.5,3.5,3.5,"P","eucalyptus","Vig",1
"Cra",3,"Central_Hawkes_Bay","N135_382/137","39__38",100,850,-2,1980,"ni",2088,17.15,8.22,60,4.27,2.7,3.5,3,2,"P","eucalyptus","Vig",1
"Cra",3,"Central_Hawkes_Bay","N135_382/137","39__38",100,850,-2,1980,"ob",1522,16.13,9.95,50,3.71,4.5,3.3,3.5,3,"P","eucalyptus","Vig",1
"Cra",3,"Central_Hawkes_Bay","N135_382/137","39__38",100,850,-2,1980,"ov",1521,8.78,5.79,50,2.47,2,3.2,3.3,3,"N","eucalyptus","Vig",1
"Cra",3,"Central_Hawkes_Bay","N135_382/137","39__38",100,850,-2,1980,"pu",1523,17.18,9.99,90,2.97,4.5,3.5,4,3.3,"P","eucalyptus","Vig",1
"Cra",3,"Central_Hawkes_Bay","N135_382/137","39__38",100,850,-2,1980,"rd",1524,12.39,5.55,80,3.01,2.5,2,2,2,"N","eucalyptus","Vig",1
"Cra",3,"Central_Hawkes_Bay","N135_382/137","39__38",100,850,-2,1980,"si",1525,14.75,7.79,30,5.13,4,4,2.5,2,"P","eucalyptus","Vig",1
"Nga",1,"Southern_Hawkes_Bay","N145_874/586","40__11",130,1000,-3,1980,"co",1520,10.1,8.2,60,4.35,4,3.5,3.5,3.2,"N","eucalyptus","Vig",1
"Nga",1,"Southern_Hawkes_Bay","N145_874/586","40__11",130,1000,-3,1980,"mn",1362,4.7,5.5,20,0.87,1.5,2,3,3,"N","eucalyptus","Vig",1
"Nga",1,"Southern_Hawkes_Bay","N145_874/586","40__11",130,1000,-3,1980,"nd",1596,17,12.6,50,3.99,4,3.2,4,3.5,"P","eucalyptus","Vig",1
"Nga",1,"Southern_Hawkes_Bay","N145_874/586","40__11",130,1000,-3,1980,"ni",2088,10.3,9.4,80,3.48,2.5,3,3,3,"P","eucalyptus","Vig",1
"Nga",1,"Southern_Hawkes_Bay","N145_874/586","40__11",130,1000,-3,1980,"ob",1522,21.6,12,40,4.29,3.7,3.5,3.5,3,"P","eucalyptus","Vig",1
"Nga",1,"Southern_Hawkes_Bay","N145_874/586","40__11",130,1000,-3,1980,"ov",1521,11.3,10,40,2.25,2,3.2,4,3,"N","eucalyptus","Vig",1
"Nga",1,"Southern_Hawkes_Bay","N145_874/586","40__11",130,1000,-3,1980,"pu",1523,12.7,9.3,80,2.16,4,3.2,3.9,3.4,"P","eucalyptus","Vig",1
"Nga",1,"Southern_Hawkes_Bay","N145_874/586","40__11",130,1000,-3,1980,"rd",1524,5.4,4.5,20,2.18,2,3,3,3,"N","eucalyptus","Vig",1
"Nga",2,"Southern_Hawkes_Bay","N145_874/586","40__11",130,1000,-3,1980,"co",1520,6.8,5.5,60,2.91,3.5,3.5,3.5,3,"N","eucalyptus","Vig",1
"Nga",2,"Southern_Hawkes_Bay","N145_874/586","40__11",130,1000,-3,1980,"fr",1487,17.8,10,10,3.77,4,3.5,4,2,"P","eucalyptus","Vig",1
"Nga",2,"Southern_Hawkes_Bay","N145_874/586","40__11",130,1000,-3,1980,"nd",1596,20.4,10.2,60,4.06,4,3,3,2.5,"P","eucalyptus","Vig",1
"Nga",2,"Southern_Hawkes_Bay","N145_874/586","40__11",130,1000,-3,1980,"ni",2088,19.1,9.7,60,0.66,3,2,2,1.5,"P","eucalyptus","Vig",1
"Nga",2,"Southern_Hawkes_Bay","N145_874/586","40__11",130,1000,-3,1980,"ob",1522,15.5,9.8,40,3.1,3.5,3.5,3.5,3,"P","eucalyptus","Vig",1
"Nga",2,"Southern_Hawkes_Bay","N145_874/586","40__11",130,1000,-3,1980,"ov",1521,13.5,7.7,30,2.23,2,3.3,4,3.5,"P","eucalyptus","Vig",1
"Nga",2,"Southern_Hawkes_Bay","N145_874/586","40__11",130,1000,-3,1980,"pu",1523,20.8,12,20,4.66,4,3,3.5,3,"N","eucalyptus","Vig",1
"Nga",2,"Southern_Hawkes_Bay","N145_874/586","40__11",130,1000,-3,1980,"rd",1524,11.5,5.8,40,1.24,2,2.5,3.5,2.5,"N","eucalyptus","Vig",1
"Nga",3,"Southern_Hawkes_Bay","N145_874/586","40__11",130,1000,-3,1980,"fr",1487,37.6,13,10,4.46,4,2,2,1,"P","eucalyptus","Vig",1
"Nga",3,"Southern_Hawkes_Bay","N145_874/586","40__11",130,1000,-3,1980,"nd",1596,24.5,12,20,4.93,4,4,4,2,"P","eucalyptus","Vig",1
"Nga",3,"Southern_Hawkes_Bay","N145_874/586","40__11",130,1000,-3,1980,"ni",2088,17.6,9,90,4.92,2.5,3,2,1.5,"P","eucalyptus","Vig",1
"Nga",3,"Southern_Hawkes_Bay","N145_874/586","40__11",130,1000,-3,1980,"ov",1521,16.2,10.2,60,4.04,2.3,3,3.3,3,"N","eucalyptus","Vig",1
"Nga",3,"Southern_Hawkes_Bay","N145_874/586","40__11",130,1000,-3,1980,"pu",1523,11.5,9,20,5.2,3.7,4,4,3,"P","eucalyptus","Vig",1
"Nga",3,"Southern_Hawkes_Bay","N145_874/586","40__11",130,1000,-3,1980,"rd",1524,7.6,5.5,20,3.11,2,2,3,3,"N","eucalyptus","Vig",1
"Wai",1,"Central_Hawkes_Bay_(coastal)","N142_377/957","39__50",70,1000,-2,1981,"ag",1094,3.4,5.5,50,1.75,1,3,3,3,"N","eucalyptus","Vig",1
"Wai",1,"Central_Hawkes_Bay_(coastal)","N142_377/957","39__50",70,1000,-2,1981,"bxs",1111,17.6,12.6,71,3.06,3,3.3,2.5,2,"P","eucalyptus","Vig",1
"Wai",1,"Central_Hawkes_Bay_(coastal)","N142_377/957","39__50",70,1000,-2,1981,"br",1112,14,10,100,2.69,1.5,3,4,4,"N","eucalyptus","Vig",1
"Wai",1,"Central_Hawkes_Bay_(coastal)","N142_377/957","39__50",70,1000,-2,1981,"br",1113,8.8,11.4,100,1.45,2,4,4,4,"N","eucalyptus","Vig",1
"Wai",1,"Central_Hawkes_Bay_(coastal)","N142_377/957","39__50",70,1000,-2,1981,"el",1338,15.8,10,38,1.35,3.5,3.3,3.5,3,"N","eucalyptus","Vig",1
"Wai",1,"Central_Hawkes_Bay_(coastal)","N142_377/957","39__50",70,1000,-2,1981,"fa",1482,15.5,10.5,50,2.83,3.3,3.3,3,3,"N","eucalyptus","Vig",1
"Wai",1,"Central_Hawkes_Bay_(coastal)","N142_377/957","39__50",70,1000,-2,1981,"fa",1978,14.6,11.1,100,3.65,3,3.5,3.5,3.3,"P","eucalyptus","Vig",1
"Wai",1,"Central_Hawkes_Bay_(coastal)","N142_377/957","39__50",70,1000,-2,1981,"fr",1339,17.3,13.2,71,3.54,3,3,3,3,"N","eucalyptus","Vig",1
"Wai",1,"Central_Hawkes_Bay_(coastal)","N142_377/957","39__50",70,1000,-2,1981,"fr",1786,13.3,10.8,75,4.52,3.8,4,4,4,"N","eucalyptus","Vig",1
"Wai",1,"Central_Hawkes_Bay_(coastal)","N142_377/957","39__50",70,1000,-2,1981,"fr",2447,19.8,10.7,75,5.62,3,3,3,2.5,"P","eucalyptus","Vig",1
"Wai",1,"Central_Hawkes_Bay_(coastal)","N142_377/957","39__50",70,1000,-2,1981,"jo",1595,5.2,4.3,75,-0.38,0.5,4,4,4,"N","eucalyptus","Vig",1
"Wai",1,"Central_Hawkes_Bay_(coastal)","N142_377/957","39__50",70,1000,-2,1981,"ka",1171,15,11.3,88,2.3,1.7,3,3,2,"N","eucalyptus","Vig",1
"Wai",1,"Central_Hawkes_Bay_(coastal)","N142_377/957","39__50",70,1000,-2,1981,"nd",1596,15.3,10.8,75,3.41,3,3,4,3.5,"N","eucalyptus","Vig",1
"Wai",1,"Central_Hawkes_Bay_(coastal)","N142_377/957","39__50",70,1000,-2,1981,"ob",2459,19,16,88,3.9,3,4.8,4,4,"N","eucalyptus","Vig",1
"Wai",1,"Central_Hawkes_Bay_(coastal)","N142_377/957","39__50",70,1000,-2,1981,"ov",1785,7.2,6,50,0.16,1.3,4,4,4,"N","eucalyptus","Vig",1
"Wai",1,"Central_Hawkes_Bay_(coastal)","N142_377/957","39__50",70,1000,-2,1981,"pu",1598,15.9,12.8,100,3.51,4,3.3,4,3,"N","eucalyptus","Vig",1
"Wai",1,"Central_Hawkes_Bay_(coastal)","N142_377/957","39__50",70,1000,-2,1981,"re",1787,18.1,14.8,100,4.15,4,4.3,4.3,4,"N","eucalyptus","Vig",1
"Wai",1,"Central_Hawkes_Bay_(coastal)","N142_377/957","39__50",70,1000,-2,1981,"re",2482,17,14.1,88,4.31,3,3.7,3.7,3.7,"N","eucalyptus","Vig",1
"Wai",1,"Central_Hawkes_Bay_(coastal)","N142_377/957","39__50",70,1000,-2,1981,"re",2431,26.1,16,38,4.31,3,4,4,2.7,"N","eucalyptus","Vig",1
"Wai",1,"Central_Hawkes_Bay_(coastal)","N142_377/957","39__50",70,1000,-2,1981,"rd",1524,12.2,13.8,50,1.33,1.5,3,3,3,"N","eucalyptus","Vig",1
"Wai",1,"Central_Hawkes_Bay_(coastal)","N142_377/957","39__50",70,1000,-2,1981,"sm",1340,9.3,4.3,63,1.12,1.2,1,1,1,"N","eucalyptus","Vig",1
"Wai",1,"Central_Hawkes_Bay_(coastal)","N142_377/957","39__50",70,1000,-2,1981,"re",2428,22.6,13.4,100,4.82,3,2.3,2.7,2,"N","eucalyptus","Vig",1
"Wai",2,"Central_Hawkes_Bay_(coastal)","N142_377/957","39__50",70,1000,-2,1981,"ag",1094,7.8,7.4,63,-0.78,1,3,3,3,"N","eucalyptus","Vig",1
"Wai",2,"Central_Hawkes_Bay_(coastal)","N142_377/957","39__50",70,1000,-2,1981,"bxs",1111,16.4,13.3,100,5.95,3,3.3,3.3,2.7,"P","eucalyptus","Vig",1
"Wai",2,"Central_Hawkes_Bay_(coastal)","N142_377/957","39__50",70,1000,-2,1981,"br",1112,11.9,9.7,100,2.24,1.8,3,3.5,3.2,"N","eucalyptus","Vig",1
"Wai",2,"Central_Hawkes_Bay_(coastal)","N142_377/957","39__50",70,1000,-2,1981,"br",1113,10.4,9.4,88,2.57,1.7,4,4,4,"N","eucalyptus","Vig",1
"Wai",2,"Central_Hawkes_Bay_(coastal)","N142_377/957","39__50",70,1000,-2,1981,"el",1338,13.5,10,13,2.42,4,3,4,3.3,"N","eucalyptus","Vig",1
"Wai",2,"Central_Hawkes_Bay_(coastal)","N142_377/957","39__50",70,1000,-2,1981,"fa",1482,23,11,13,2.33,3.5,2,1,1,"N","eucalyptus","Vig",1
"Wai",2,"Central_Hawkes_Bay_(coastal)","N142_377/957","39__50",70,1000,-2,1981,"fa",1978,23.7,12.6,88,5.06,3.3,3,2,2,"P","eucalyptus","Vig",1
"Wai",2,"Central_Hawkes_Bay_(coastal)","N142_377/957","39__50",70,1000,-2,1981,"fr",1339,33.8,16,50,6.87,3,2,2,0.5,"P","eucalyptus","Vig",1
"Wai",2,"Central_Hawkes_Bay_(coastal)","N142_377/957","39__50",70,1000,-2,1981,"fr",1786,17,15.3,75,5.03,4,3.5,4,4,"N","eucalyptus","Vig",1
"Wai",2,"Central_Hawkes_Bay_(coastal)","N142_377/957","39__50",70,1000,-2,1981,"fr",2447,20.8,12.6,63,5.3,3,3.3,3.5,3.5,"P","eucalyptus","Vig",1
"Wai",2,"Central_Hawkes_Bay_(coastal)","N142_377/957","39__50",70,1000,-2,1981,"jo",1595,6.5,4.4,63,-0.47,0.5,4,4.5,4,"N","eucalyptus","Vig",1
"Wai",2,"Central_Hawkes_Bay_(coastal)","N142_377/957","39__50",70,1000,-2,1981,"ka",1171,10.4,6.4,75,0.93,1.5,0,0,0,"N","eucalyptus","Vig",1
"Wai",2,"Central_Hawkes_Bay_(coastal)","N142_377/957","39__50",70,1000,-2,1981,"nd",1596,12.6,8,37,1.77,3.5,4,4,4,"N","eucalyptus","Vig",1
"Wai",2,"Central_Hawkes_Bay_(coastal)","N142_377/957","39__50",70,1000,-2,1981,"ob",1337,22.2,14.6,63,6.85,3,4,4,3.2,"N","eucalyptus","Vig",1
"Wai",2,"Central_Hawkes_Bay_(coastal)","N142_377/957","39__50",70,1000,-2,1981,"ob",2459,19.6,15.4,100,4.5,3,5,4.3,3,"N","eucalyptus","Vig",1
"Wai",2,"Central_Hawkes_Bay_(coastal)","N142_377/957","39__50",70,1000,-2,1981,"ov",1785,9.8,7.5,75,0.92,1.3,3.3,4,3.5,"N","eucalyptus","Vig",1
"Wai",2,"Central_Hawkes_Bay_(coastal)","N142_377/957","39__50",70,1000,-2,1981,"pu",1598,15.2,14.4,100,4.28,4,3,4,3,"P","eucalyptus","Vig",1
"Wai",2,"Central_Hawkes_Bay_(coastal)","N142_377/957","39__50",70,1000,-2,1981,"re",1787,19.6,16.6,100,4.98,3,4,4,3,"N","eucalyptus","Vig",1
"Wai",2,"Central_Hawkes_Bay_(coastal)","N142_377/957","39__50",70,1000,-2,1981,"re",2482,17,14.1,88,5.13,3,3.7,3.7,3.7,"N","eucalyptus","Vig",1
"Wai",2,"Central_Hawkes_Bay_(coastal)","N142_377/957","39__50",70,1000,-2,1981,"re",2431,26,14,88,6.3,3.5,3.5,4,3.3,"N","eucalyptus","Vig",1
"Wai",2,"Central_Hawkes_Bay_(coastal)","N142_377/957","39__50",70,1000,-2,1981,"ro",1192,8.9,5.2,63,1.74,1.8,3,3,3,"N","eucalyptus","Vig",1
"Wai",2,"Central_Hawkes_Bay_(coastal)","N142_377/957","39__50",70,1000,-2,1981,"rd",1524,10.3,7.8,100,1.71,2,3,3,3,"N","eucalyptus","Vig",1
"Wai",22,"Central_Hawkes_Bay_(coastal)","N142_377/957","39__50",70,1000,-2,1981,"si",2435,19.6,12.3,75,4.35,3,3.3,3.5,3.5,"N","eucalyptus","Vig",1
"Wai",2,"Central_Hawkes_Bay_(coastal)","N142_377/957","39__50",70,1000,-2,1981,"sm",1340,20.1,6.9,88,3.48,2.5,1,0.5,0,"N","eucalyptus","Vig",1
"Wai",3,"Central_Hawkes_Bay_(coastal)","N142_377/957","39__50",70,1000,-2,1981,"ag",1094,13.5,4,13,-1.48,0,1,1,1,"N","eucalyptus","Vig",1
"Wai",3,"Central_Hawkes_Bay_(coastal)","N142_377/957","39__50",70,1000,-2,1981,"bxs",1111,14.2,10.8,100,3.16,2.8,3.3,3.3,3,"P","eucalyptus","Vig",1
"Wai",3,"Central_Hawkes_Bay_(coastal)","N142_377/957","39__50",70,1000,-2,1981,"br",1112,13.1,10.6,88,1.25,2,3,3,3,"N","eucalyptus","Vig",1
"Wai",3,"Central_Hawkes_Bay_(coastal)","N142_377/957","39__50",70,1000,-2,1981,"br",1113,9.6,7,100,3.41,2,3,3,3,"N","eucalyptus","Vig",1
"Wai",3,"Central_Hawkes_Bay_(coastal)","N142_377/957","39__50",70,1000,-2,1981,"el",1338,18.9,9,13,0.99,3.5,3,3.5,3,"N","eucalyptus","Vig",1
"Wai",3,"Central_Hawkes_Bay_(coastal)","N142_377/957","39__50",70,1000,-2,1981,"fa",1482,20,13.2,75,4.18,3,4,4,4,"N","eucalyptus","Vig",1
"Wai",3,"Central_Hawkes_Bay_(coastal)","N142_377/957","39__50",70,1000,-2,1981,"fa",1978,26.6,13.5,75,4.72,3,2.5,2,1,"P","eucalyptus","Vig",1
"Wai",3,"Central_Hawkes_Bay_(coastal)","N142_377/957","39__50",70,1000,-2,1981,"fr",1339,23.9,12.7,37,4.28,3,3,3,3,"P","eucalyptus","Vig",1
"Wai",3,"Central_Hawkes_Bay_(coastal)","N142_377/957","39__50",70,1000,-2,1981,"fr",1786,17.8,12.2,63,5.9,3.1,3,3,3,"P","eucalyptus","Vig",1
"Wai",3,"Central_Hawkes_Bay_(coastal)","N142_377/957","39__50",70,1000,-2,1981,"fr",2447,21.4,12.7,75,4.55,4,3,3,3,"N","eucalyptus","Vig",1
"Wai",3,"Central_Hawkes_Bay_(coastal)","N142_377/957","39__50",70,1000,-2,1981,"jo",1595,7.8,5.3,50,-0.24,1.5,4,4,4,"N","eucalyptus","Vig",1
"Wai",3,"Central_Hawkes_Bay_(coastal)","N142_377/957","39__50",70,1000,-2,1981,"ka",1171,13.1,10.1,100,-0.08,2,2,2,2,"N","eucalyptus","Vig",1
"Wai",3,"Central_Hawkes_Bay_(coastal)","N142_377/957","39__50",70,1000,-2,1981,"nd",1596,15.1,12.3,88,2.85,3,3.3,4,4,"N","eucalyptus","Vig",1
"Wai",3,"Central_Hawkes_Bay_(coastal)","N142_377/957","39__50",70,1000,-2,1981,"ob",1337,24.5,13.5,75,6.89,3,4,4,2.5,"N","eucalyptus","Vig",1
"Wai",3,"Central_Hawkes_Bay_(coastal)","N142_377/957","39__50",70,1000,-2,1981,"ob",2459,23.7,13.3,88,3.8,3,3.5,3.5,2.5,"N","eucalyptus","Vig",1
"Wai",3,"Central_Hawkes_Bay_(coastal)","N142_377/957","39__50",70,1000,-2,1981,"ov",1785,10.5,7.6,88,1.29,2,3,3.5,3,"N","eucalyptus","Vig",1
"Wai",3,"Central_Hawkes_Bay_(coastal)","N142_377/957","39__50",70,1000,-2,1981,"pu",1598,14,10.3,100,3.13,4,2,3,2,"N","eucalyptus","Vig",1
"Wai",3,"Central_Hawkes_Bay_(coastal)","N142_377/957","39__50",70,1000,-2,1981,"re",1787,21.8,13.8,100,4.53,3,3,3,2,"N","eucalyptus","Vig",1
"Wai",3,"Central_Hawkes_Bay_(coastal)","N142_377/957","39__50",70,1000,-2,1981,"re",2482,16.4,12.1,88,3.46,3,3.3,3.5,2,"N","eucalyptus","Vig",1
"Wai",3,"Central_Hawkes_Bay_(coastal)","N142_377/957","39__50",70,1000,-2,1981,"re",2431,17.6,12.4,100,3.13,3.3,3,3,2,"P","eucalyptus","Vig",1
"Wai",3,"Central_Hawkes_Bay_(coastal)","N142_377/957","39__50",70,1000,-2,1981,"ro",1192,12.2,4.4,75,2.18,2,3,2.5,2.5,"N","eucalyptus","Vig",1
"Wai",3,"Central_Hawkes_Bay_(coastal)","N142_377/957","39__50",70,1000,-2,1981,"rd",1524,9,6.8,100,1.06,1.5,2,4,3.5,"N","eucalyptus","Vig",1
"Wai",3,"Central_Hawkes_Bay_(coastal)","N142_377/957","39__50",70,1000,-2,1981,"si",2435,20.3,13.6,63,2.46,2.7,3,2.5,2,"P","eucalyptus","Vig",1
"Wai",3,"Central_Hawkes_Bay_(coastal)","N142_377/957","39__50",70,1000,-2,1981,"sm",1340,8.8,6.3,100,1.18,2,1,2,2,"N","eucalyptus","Vig",1
"K81",1,"Central_Wairarapa","N158_344/626","40__57",180,1080,-3,1981,"ag",1094,2.86,3.2,25,1.37,2,2,2,2,"N","eucalyptus","Vig",1
"K81",1,"Central_Wairarapa","N158_344/626","40__57",180,1080,-3,1981,"bxs",1111,4.49,4.11,44,2.29,3,3,3,3,"N","eucalyptus","Vig",1
"K81",1,"Central_Wairarapa","N158_344/626","40__57",180,1080,-3,1981,"br",1112,9.89,6.68,100,2.81,2,3,4,3,"N","eucalyptus","Vig",1
"K81",1,"Central_Wairarapa","N158_344/626","40__57",180,1080,-3,1981,"jo",1595,5.34,3.05,75,4.63,1,3,4,4,"N","eucalyptus","Vig",1
"K81",1,"Central_Wairarapa","N158_344/626","40__57",180,1080,-3,1981,"fr",1339,3.28,4.07,75,1.28,3,3,3,3,"N","eucalyptus","Vig",1
"K81",1,"Central_Wairarapa","N158_344/626","40__57",180,1080,-3,1981,"fr",2447,7.62,5.39,100,3.49,3,3,3.5,3,"P","eucalyptus","Vig",1
"K81",1,"Central_Wairarapa","N158_344/626","40__57",180,1080,-3,1981,"fr",1786,6.05,5.39,88,3.59,4,3.5,3.5,3.5,"P","eucalyptus","Vig",1
"K81",1,"Central_Wairarapa","N158_344/626","40__57",180,1080,-3,1981,"nd",1596,6.38,5.07,88,2.97,4,3.5,4,4,"N","eucalyptus","Vig",1
"K81",1,"Central_Wairarapa","N158_344/626","40__57",180,1080,-3,1981,"ka",1171,6.16,4.3,40,0.36,2,1,1,1,"N","eucalyptus","Vig",1
"K81",1,"Central_Wairarapa","N158_344/626","40__57",180,1080,-3,1981,"ob",2469,19.92,7.37,13,1.99,2.5,3,3,3,"N","eucalyptus","Vig",1
"K81",1,"Central_Wairarapa","N158_344/626","40__57",180,1080,-3,1981,"ov",1785,3.91,3.91,63,3.41,1.5,3,4,3,"N","eucalyptus","Vig",1
"K81",1,"Central_Wairarapa","N158_344/626","40__57",180,1080,-3,1981,"pu",1598,10.75,9.26,88,3.13,4,4,4,4,"N","eucalyptus","Vig",1
"K81",1,"Central_Wairarapa","N158_344/626","40__57",180,1080,-3,1981,"re",2428,3.63,5.02,63,0.72,3.5,4,4,3.5,"P","eucalyptus","Vig",1
"K81",1,"Central_Wairarapa","N158_344/626","40__57",180,1080,-3,1981,"re",2431,6.14,5.86,75,3.85,3,4,4,4,"N","eucalyptus","Vig",1
"K81",1,"Central_Wairarapa","N158_344/626","40__57",180,1080,-3,1981,"re",1787,5.3,4.88,38,3.13,3,4,4,4,"P","eucalyptus","Vig",1
"K81",1,"Central_Wairarapa","N158_344/626","40__57",180,1080,-3,1981,"si",2435,14.93,9.39,63,4.14,3,3,2.5,2.5,"P","eucalyptus","Vig",1
"K81",1,"Central_Wairarapa","N158_344/626","40__57",180,1080,-3,1981,"rd",1524,3.21,3.72,50,1.82,2,2,4,4,"N","eucalyptus","Vig",1
"K81",1,"Central_Wairarapa","N158_344/626","40__57",180,1080,-3,1981,"sm",1340,5.93,6.48,100,2.01,1.8,2,2,3,"N","eucalyptus","Vig",1
"K81",1,"Central_Wairarapa","N158_344/626","40__57",180,1080,-3,1981,"nc",1780,6.24,4.85,25,0.29,4,3,3,3,"N","eucalyptus","Vig",1
"K81",2,"Central_Wairarapa","N158_344/626","40__57",180,1080,-3,1981,"ag",1094,1.03,2.17,13,0.6,2,2,2,2,"N","eucalyptus","Vig",1
"K81",2,"Central_Wairarapa","N158_344/626","40__57",180,1080,-3,1981,"bxs",1111,6.29,4.62,100,2.28,2.5,2,2,2.5,"N","eucalyptus","Vig",1
"K81",2,"Central_Wairarapa","N158_344/626","40__57",180,1080,-3,1981,"br",1112,11.43,7.83,88,4.77,2,3.5,4,4,"N","eucalyptus","Vig",1
"K81",2,"Central_Wairarapa","N158_344/626","40__57",180,1080,-3,1981,"br",1113,3.98,3.98,75,3.77,2,3,4,3,"N","eucalyptus","Vig",1
"K81",2,"Central_Wairarapa","N158_344/626","40__57",180,1080,-3,1981,"jo",1595,2.8,2.92,75,2.49,1.8,3.2,3.5,3.5,"N","eucalyptus","Vig",1
"K81",2,"Central_Wairarapa","N158_344/626","40__57",180,1080,-3,1981,"el",1338,6.07,5.89,63,4.28,3,2,2,2.5,"N","eucalyptus","Vig",1
"K81",2,"Central_Wairarapa","N158_344/626","40__57",180,1080,-3,1981,"fa",1978,4.04,4.66,50,2.77,3,3.5,3.5,3.5,"N","eucalyptus","Vig",1
"K81",2,"Central_Wairarapa","N158_344/626","40__57",180,1080,-3,1981,"fa",1482,11.03,6.25,38,4.97,3.5,3,2.5,2,"N","eucalyptus","Vig",1
"K81",2,"Central_Wairarapa","N158_344/626","40__57",180,1080,-3,1981,"fr",1339,12.49,10.12,63,4.32,3,3.5,3.5,3.5,"N","eucalyptus","Vig",1
"K81",2,"Central_Wairarapa","N158_344/626","40__57",180,1080,-3,1981,"fr",2447,9.99,6.83,88,4.59,3,3.5,3,2.5,"P","eucalyptus","Vig",1
"K81",2,"Central_Wairarapa","N158_344/626","40__57",180,1080,-3,1981,"fr",1786,17.74,9.99,100,6.22,3,3,2.5,2,"N","eucalyptus","Vig",1
"K81",2,"Central_Wairarapa","N158_344/626","40__57",180,1080,-3,1981,"nd",1596,2.73,3.77,100,3.48,4,3.5,4.5,4,"P","eucalyptus","Vig",1
"K81",2,"Central_Wairarapa","N158_344/626","40__57",180,1080,-3,1981,"ka",1171,2.79,2.9,75,2.16,2,2,2,3,"N","eucalyptus","Vig",1
"K81",2,"Central_Wairarapa","N158_344/626","40__57",180,1080,-3,1981,"ob",2469,9.88,8.94,88,3.67,3,3.5,3.5,3.5,"P","eucalyptus","Vig",1
"K81",2,"Central_Wairarapa","N158_344/626","40__57",180,1080,-3,1981,"ob",1337,8.63,8.21,100,3.82,3,3.5,3.5,3.5,"P","eucalyptus","Vig",1
"K81",2,"Central_Wairarapa","N158_344/626","40__57",180,1080,-3,1981,"ov",1785,4.39,4.03,88,0.89,1.5,2,2,3,"N","eucalyptus","Vig",1
"K81",2,"Central_Wairarapa","N158_344/626","40__57",180,1080,-3,1981,"pu",1598,7.94,7.77,100,2.25,4,2.5,4,3.3,"N","eucalyptus","Vig",1
"K81",2,"Central_Wairarapa","N158_344/626","40__57",180,1080,-3,1981,"re",2428,6.48,6.42,38,2.96,3.5,4,4,3.5,"P","eucalyptus","Vig",1
"K81",2,"Central_Wairarapa","N158_344/626","40__57",180,1080,-3,1981,"re",2431,6.28,6.7,100,3.79,3,4,4,3.5,"P","eucalyptus","Vig",1
"K81",2,"Central_Wairarapa","N158_344/626","40__57",180,1080,-3,1981,"re",1787,11.58,8.37,63,2.45,3.5,4,4,3.5,"N","eucalyptus","Vig",1
"K81",2,"Central_Wairarapa","N158_344/626","40__57",180,1080,-3,1981,"si",2435,3.56,4.27,25,3.63,3,3,3,3,"N","eucalyptus","Vig",1
"K81",2,"Central_Wairarapa","N158_344/626","40__57",180,1080,-3,1981,"rd",1524,2.57,3.08,75,3.56,2,2,4,3,"N","eucalyptus","Vig",1
"K81",2,"Central_Wairarapa","N158_344/626","40__57",180,1080,-3,1981,"sm",1340,5.37,5.74,100,0.48,1,1.5,1.5,2,"N","eucalyptus","Vig",1
"K81",2,"Central_Wairarapa","N158_344/626","40__57",180,1080,-3,1981,"nc",1780,2.6,3.64,38,1.72,2,2,2,3,"N","eucalyptus","Vig",1
"K81",3,"Central_Wairarapa","N158_344/626","40__57",180,1080,-3,1981,"ag",1094,5.26,5.48,63,2.7,1.5,2,2,2,"N","eucalyptus","Vig",1
"K81",3,"Central_Wairarapa","N158_344/626","40__57",180,1080,-3,1981,"bxs",1111,4.88,4.11,88,3.14,2.5,2,2,2,"N","eucalyptus","Vig",1
"K81",3,"Central_Wairarapa","N158_344/626","40__57",180,1080,-3,1981,"br",1112,7.83,6.68,100,3.27,1.8,3.5,4,4,"P","eucalyptus","Vig",1
"K81",3,"Central_Wairarapa","N158_344/626","40__57",180,1080,-3,1981,"br",1113,4.62,4.11,88,3.88,2,2.5,3.5,3,"N","eucalyptus","Vig",1
"K81",3,"Central_Wairarapa","N158_344/626","40__57",180,1080,-3,1981,"jo",1595,2.29,2.67,75,3.46,1.5,3,4,4,"N","eucalyptus","Vig",1
"K81",3,"Central_Wairarapa","N158_344/626","40__57",180,1080,-3,1981,"el",1338,7.28,7.45,63,4.58,3,3.3,3.3,3,"P","eucalyptus","Vig",1
"K81",3,"Central_Wairarapa","N158_344/626","40__57",180,1080,-3,1981,"fa",1978,16.54,9.93,100,5.94,3.3,3.3,2.5,2,"N","eucalyptus","Vig",1
"K81",3,"Central_Wairarapa","N158_344/626","40__57",180,1080,-3,1981,"fa",1482,10.54,7.84,88,4.03,3.3,3.3,3.5,3.5,"P","eucalyptus","Vig",1
"K81",3,"Central_Wairarapa","N158_344/626","40__57",180,1080,-3,1981,"fr",1339,3.81,4.73,100,2.61,2.7,3,3,3.5,"P","eucalyptus","Vig",1
"K81",3,"Central_Wairarapa","N158_344/626","40__57",180,1080,-3,1981,"fr",2447,11.57,8.41,100,4.44,3,3.5,3.5,3.5,"N","eucalyptus","Vig",1
"K81",3,"Central_Wairarapa","N158_344/626","40__57",180,1080,-3,1981,"fr",1786,13.67,8.81,100,5.58,3,3.5,3.5,3,"N","eucalyptus","Vig",1
"K81",3,"Central_Wairarapa","N158_344/626","40__57",180,1080,-3,1981,"nd",1596,7.03,5.99,88,3.6,2.7,3.5,4,4,"N","eucalyptus","Vig",1
"K81",3,"Central_Wairarapa","N158_344/626","40__57",180,1080,-3,1981,"ob",2469,7.68,8,88,3.43,3,4,4,4,"N","eucalyptus","Vig",1
"K81",3,"Central_Wairarapa","N158_344/626","40__57",180,1080,-3,1981,"ov",1785,3.2,3.56,88,1.12,1.8,2.5,3.3,3.5,"N","eucalyptus","Vig",1
"K81",3,"Central_Wairarapa","N158_344/626","40__57",180,1080,-3,1981,"pu",1598,6.78,5.62,63,3.87,4,2.5,3,2,"N","eucalyptus","Vig",1
"K81",3,"Central_Wairarapa","N158_344/626","40__57",180,1080,-3,1981,"re",2428,5.16,5.86,75,5.09,3,4,4,4,"N","eucalyptus","Vig",1
"K81",3,"Central_Wairarapa","N158_344/626","40__57",180,1080,-3,1981,"re",2431,3.35,5.16,100,1.44,3,4.5,4,4,"P","eucalyptus","Vig",1
"K81",3,"Central_Wairarapa","N158_344/626","40__57",180,1080,-3,1981,"re",1787,3.77,4.88,88,3.52,3.5,4,4,4,"N","eucalyptus","Vig",1
"K81",3,"Central_Wairarapa","N158_344/626","40__57",180,1080,-3,1981,"rd",1524,4.49,4.49,88,2.26,2,2.5,4,3,"N","eucalyptus","Vig",1
"K81",3,"Central_Wairarapa","N158_344/626","40__57",180,1080,-3,1981,"sm",1340,6.11,5.74,100,3.05,1.5,1.5,1,1,"N","eucalyptus","Vig",1
"K81",3,"Central_Wairarapa","N158_344/626","40__57",180,1080,-3,1981,"nc",1780,3.51,4.68,25,0.32,1.5,2,2,3,"N","eucalyptus","Vig",1
"Wak",1,"South_Wairarapa","N162_081/300","41__12",160,1000,-3,1981,"ag",1094,12,10.3,38,4.84,3.2,2.8,3.2,3,"N","eucalyptus","Vig",1
"Wak",1,"South_Wairarapa","N162_081/300","41__12",160,1000,-3,1981,"bxs",1111,15,8.4,88,3.48,3,3,3,2,"N","eucalyptus","Vig",1
"Wak",1,"South_Wairarapa","N162_081/300","41__12",160,1000,-3,1981,"br",1112,13,11.1,100,4.25,2,3.5,3,3,"N","eucalyptus","Vig",1
"Wak",1,"South_Wairarapa","N162_081/300","41__12",160,1000,-3,1981,"br",1113,8.6,9.5,100,1.65,1.5,4,4,4,"N","eucalyptus","Vig",1
"Wak",1,"South_Wairarapa","N162_081/300","41__12",160,1000,-3,1981,"el",1338,8.2,6.6,63,3.67,4,3,3,3,"N","eucalyptus","Vig",1
"Wak",1,"South_Wairarapa","N162_081/300","41__12",160,1000,-3,1981,"fa",1978,15.7,10,100,4.57,3,2.5,2.5,2.5,"P","eucalyptus","Vig",1
"Wak",1,"South_Wairarapa","N162_081/300","41__12",160,1000,-3,1981,"fa",1482,15.9,8.8,75,5.39,3,3,2,2.5,"P","eucalyptus","Vig",1
"Wak",1,"South_Wairarapa","N162_081/300","41__12",160,1000,-3,1981,"fr",1339,13.7,9.9,88,4.8,3,2.5,2.5,2.5,"N","eucalyptus","Vig",1
"Wak",1,"South_Wairarapa","N162_081/300","41__12",160,1000,-3,1981,"fr",2447,11.2,9.1,88,3.51,3.5,3,3.5,3,"P","eucalyptus","Vig",1
"Wak",1,"South_Wairarapa","N162_081/300","41__12",160,1000,-3,1981,"fr",1786,18.9,11.8,75,5.24,3,2.5,2.5,2,"N","eucalyptus","Vig",1
"Wak",1,"South_Wairarapa","N162_081/300","41__12",160,1000,-3,1981,"nd",1596,11.6,8.9,100,4.53,3,4,4,4,"N","eucalyptus","Vig",1
"Wak",1,"South_Wairarapa","N162_081/300","41__12",160,1000,-3,1981,"ka",1171,8.6,8.9,100,2.89,2.5,2.8,3,2.8,"N","eucalyptus","Vig",1
"Wak",1,"South_Wairarapa","N162_081/300","41__12",160,1000,-3,1981,"ob",2469,13.4,12.3,88,5.15,3,3.5,3,2.5,"N","eucalyptus","Vig",1
"Wak",1,"South_Wairarapa","N162_081/300","41__12",160,1000,-3,1981,"ob",1337,19.6,11.8,63,6.45,3,3.5,3,2,"N","eucalyptus","Vig",1
"Wak",1,"South_Wairarapa","N162_081/300","41__12",160,1000,-3,1981,"ov",1785,11.1,8.7,88,2.78,2,3,4,4,"P","eucalyptus","Vig",1
"Wak",1,"South_Wairarapa","N162_081/300","41__12",160,1000,-3,1981,"pu",1598,10.8,10,75,4.38,4,3,4,3,"P","eucalyptus","Vig",1
"Wak",1,"South_Wairarapa","N162_081/300","41__12",160,1000,-3,1981,"re",2428,11.2,12.2,75,4.03,3,4,3.5,3.5,"P","eucalyptus","Vig",1
"Wak",1,"South_Wairarapa","N162_081/300","41__12",160,1000,-3,1981,"re",2430,14,13,63,4.29,3,3,2,2.5,"P","eucalyptus","Vig",1
"Wak",1,"South_Wairarapa","N162_081/300","41__12",160,1000,-3,1981,"re",2431,9,9.6,75,5.72,3,4,3,2.5,"P","eucalyptus","Vig",1
"Wak",1,"South_Wairarapa","N162_081/300","41__12",160,1000,-3,1981,"re",1787,14.4,12.9,88,4.53,3,3,3,2.5,"P","eucalyptus","Vig",1
"Wak",1,"South_Wairarapa","N162_081/300","41__12",160,1000,-3,1981,"nc",1780,8.8,5.3,63,2.42,3,3,4,4,"N","eucalyptus","Vig",1
"Wak",1,"South_Wairarapa","N162_081/300","41__12",160,1000,-3,1981,"rd",1524,6.5,7,50,3.58,2.5,3,3,3,"N","eucalyptus","Vig",1
"Wak",1,"South_Wairarapa","N162_081/300","41__12",160,1000,-3,1981,"sm",1340,5.7,5.7,100,4.74,2,3,3,3,"N","eucalyptus","Vig",1
"Wak",1,"South_Wairarapa","N162_081/300","41__12",160,1000,-3,1981,"jo",1595,8,4.9,88,4.46,1.5,4,4,4,"N","eucalyptus","Vig",1
"Wak",2,"South_Wairarapa","N162_081/300","41__12",160,1000,-3,1981,"ag",1094,7.3,6.8,2.5,1.05,3.5,3.5,3.5,1.5,"N","eucalyptus","Vig",1
"Wak",2,"South_Wairarapa","N162_081/300","41__12",160,1000,-3,1981,"bxs",1111,6.9,5.6,3,3.97,3,3,3,2,"N","eucalyptus","Vig",1
"Wak",2,"South_Wairarapa","N162_081/300","41__12",160,1000,-3,1981,"br",1112,7.4,6.6,3,2.5,3,3,3,1,"N","eucalyptus","Vig",1
"Wak",2,"South_Wairarapa","N162_081/300","41__12",160,1000,-3,1981,"br",1113,6.6,5.4,3,2.53,3,3,3.5,1.5,"N","eucalyptus","Vig",1
"Wak",2,"South_Wairarapa","N162_081/300","41__12",160,1000,-3,1981,"el",1338,7.3,5.6,3.5,3.55,2.5,2.5,2.5,1.5,"N","eucalyptus","Vig",1
"Wak",2,"South_Wairarapa","N162_081/300","41__12",160,1000,-3,1981,"fa",1978,19.6,10.3,3,1.39,2.5,2.5,2,2,"N","eucalyptus","Vig",1
"Wak",2,"South_Wairarapa","N162_081/300","41__12",160,1000,-3,1981,"fa",1482,15.4,15.8,4,2.97,3,3,3,3,"N","eucalyptus","Vig",1
"Wak",2,"South_Wairarapa","N162_081/300","41__12",160,1000,-3,1981,"fr",1339,15,11.6,4,3.91,2,2,2,3,"N","eucalyptus","Vig",1
"Wak",2,"South_Wairarapa","N162_081/300","41__12",160,1000,-3,1981,"fr",2447,13.9,11.1,5,1.8,3,2.5,2,3,"N","eucalyptus","Vig",1
"Wak",2,"South_Wairarapa","N162_081/300","41__12",160,1000,-3,1981,"fr",1786,15.6,12.1,4,1.27,3.5,3,2,3,"N","eucalyptus","Vig",1
"Wak",2,"South_Wairarapa","N162_081/300","41__12",160,1000,-3,1981,"nd",1596,7.9,8.6,2.5,2.75,2.5,4,3.5,1,"N","eucalyptus","Vig",1
"Wak",2,"South_Wairarapa","N162_081/300","41__12",160,1000,-3,1981,"ka",1171,6.6,5.8,2,2.9,2.5,2.5,3,0.5,"N","eucalyptus","Vig",1
"Wak",2,"South_Wairarapa","N162_081/300","41__12",160,1000,-3,1981,"ob",2469,15.2,12.3,5,2.5,4,3.5,3,4,"N","eucalyptus","Vig",1
"Wak",2,"South_Wairarapa","N162_081/300","41__12",160,1000,-3,1981,"ob",1337,17.1,12.1,5,2.54,3.5,3,3,4,"N","eucalyptus","Vig",1
"Wak",2,"South_Wairarapa","N162_081/300","41__12",160,1000,-3,1981,"ov",1785,5.5,3.4,2,0.77,3,2.5,3,1,"N","eucalyptus","Vig",1
"Wak",2,"South_Wairarapa","N162_081/300","41__12",160,1000,-3,1981,"pu",1598,15.3,12.7,3,4.35,2.5,3,2,3,"N","eucalyptus","Vig",1
"Wak",2,"South_Wairarapa","N162_081/300","41__12",160,1000,-3,1981,"re",2428,10.9,9.8,4,1.79,2.5,2,3,4,"N","eucalyptus","Vig",1
"Wak",2,"South_Wairarapa","N162_081/300","41__12",160,1000,-3,1981,"re",2430,13,10.4,4,2.66,3.5,2.5,2,4,"N","eucalyptus","Vig",1
"Wak",2,"South_Wairarapa","N162_081/300","41__12",160,1000,-3,1981,"re",2431,10.6,10.2,4,3.51,3.5,2.5,3,3,"N","eucalyptus","Vig",1
"Wak",2,"South_Wairarapa","N162_081/300","41__12",160,1000,-3,1981,"re",1787,10.3,10,4,2.82,4,3,3,3,"N","eucalyptus","Vig",1
"Wak",2,"South_Wairarapa","N162_081/300","41__12",160,1000,-3,1981,"nc",1780,3.2,5.9,1.5,3.26,2,2,2,0,"N","eucalyptus","Vig",1
"Wak",2,"South_Wairarapa","N162_081/300","41__12",160,1000,-3,1981,"si",2435,15,13,2.5,2.37,4,4,4,2,"N","eucalyptus","Vig",1
"Wak",2,"South_Wairarapa","N162_081/300","41__12",160,1000,-3,1981,"rd",1524,6.8,5.6,2,0.88,2,3,3,0,"N","eucalyptus","Vig",1
"Wak",2,"South_Wairarapa","N162_081/300","41__12",160,1000,-3,1981,"sm",1340,7.7,6.1,2,-0.2,2,2,3,0.5,"N","eucalyptus","Vig",1
"Wak",2,"South_Wairarapa","N162_081/300","41__12",160,1000,-3,1981,"jo",1595,3.1,2.9,2,1.47,3,3,3.5,1,"N","eucalyptus","Vig",1
"Wak",3,"South_Wairarapa","N162_081/300","41__12",160,1000,-3,1981,"ag",1094,10.5,6,25,2.74,3,2,3,2.5,"N","eucalyptus","Vig",1
"Wak",3,"South_Wairarapa","N162_081/300","41__12",160,1000,-3,1981,"bxs",1111,1.6,1.8,88,1.54,2,3,3,3,"N","eucalyptus","Vig",1
"Wak",3,"South_Wairarapa","N162_081/300","41__12",160,1000,-3,1981,"br",1112,4,3.2,63,1.43,1.5,3,3,3,"N","eucalyptus","Vig",1
"Wak",3,"South_Wairarapa","N162_081/300","41__12",160,1000,-3,1981,"br",1113,3.3,2.7,100,3.13,1,2,3,3,"N","eucalyptus","Vig",1
"Wak",3,"South_Wairarapa","N162_081/300","41__12",160,1000,-3,1981,"el",1338,9.4,8.5,38,3.56,3,2,1.5,1,"N","eucalyptus","Vig",1
"Wak",3,"South_Wairarapa","N162_081/300","41__12",160,1000,-3,1981,"fa",1978,11,8.1,100,4.19,3,2,2,2,"N","eucalyptus","Vig",1
"Wak",3,"South_Wairarapa","N162_081/300","41__12",160,1000,-3,1981,"fa",1482,7.8,5.6,88,1.95,3,2,2,2,"P","eucalyptus","Vig",1
"Wak",3,"South_Wairarapa","N162_081/300","41__12",160,1000,-3,1981,"fr",1339,10.1,9.5,75,2.63,3,2,2,2,"N","eucalyptus","Vig",1
"Wak",3,"South_Wairarapa","N162_081/300","41__12",160,1000,-3,1981,"fr",2447,6.9,7.3,88,2.1,3,3,3.5,3,"P","eucalyptus","Vig",1
"Wak",3,"South_Wairarapa","N162_081/300","41__12",160,1000,-3,1981,"fr",1786,11.9,9.6,88,3.46,3,2.5,2.5,2.5,"P","eucalyptus","Vig",1
"Wak",3,"South_Wairarapa","N162_081/300","41__12",160,1000,-3,1981,"nd",1596,10.4,9.4,100,4.28,3,2,3.5,3,"N","eucalyptus","Vig",1
"Wak",3,"South_Wairarapa","N162_081/300","41__12",160,1000,-3,1981,"ka",1171,3.5,2.9,75,2.33,1,3,3,3,"N","eucalyptus","Vig",1
"Wak",3,"South_Wairarapa","N162_081/300","41__12",160,1000,-3,1981,"ob",2469,5.7,5.6,100,2.83,2.5,4,5,4,"P","eucalyptus","Vig",1
"Wak",3,"South_Wairarapa","N162_081/300","41__12",160,1000,-3,1981,"ob",1337,10.5,7.5,63,4.97,2.5,2.5,2,2.5,"P","eucalyptus","Vig",1
"Wak",3,"South_Wairarapa","N162_081/300","41__12",160,1000,-3,1981,"ov",1785,4.3,3.2,100,3.17,1,2.5,3.5,3,"N","eucalyptus","Vig",1
"Wak",3,"South_Wairarapa","N162_081/300","41__12",160,1000,-3,1981,"pu",1598,13.6,7.3,38,4.03,3,2,2.5,2,"N","eucalyptus","Vig",1
"Wak",3,"South_Wairarapa","N162_081/300","41__12",160,1000,-3,1981,"re",2428,12.3,8.2,75,4.05,3,3,2,2,"N","eucalyptus","Vig",1
"Wak",3,"South_Wairarapa","N162_081/300","41__12",160,1000,-3,1981,"re",2430,9.7,7.1,100,5.01,3,2,2.5,2.5,"N","eucalyptus","Vig",1
"Wak",3,"South_Wairarapa","N162_081/300","41__12",160,1000,-3,1981,"re",1787,13,9,88,2.32,3,3.5,3,3,"N","eucalyptus","Vig",1
"Wak",3,"South_Wairarapa","N162_081/300","41__12",160,1000,-3,1981,"nc",1780,4.9,2.8,63,2.14,3,3,3.5,3.5,"N","eucalyptus","Vig",1
"Wak",3,"South_Wairarapa","N162_081/300","41__12",160,1000,-3,1981,"si",2435,6,7,13,2.32,3,4,4,4,"N","eucalyptus","Vig",1
"Wak",3,"South_Wairarapa","N162_081/300","41__12",160,1000,-3,1981,"rd",1524,11.8,7.4,88,1.04,2,2.5,3,3,"N","eucalyptus","Vig",1
"Wak",3,"South_Wairarapa","N162_081/300","41__12",160,1000,-3,1981,"sm",1340,6.2,5.3,100,2.84,2,2.5,2.5,3,"N","eucalyptus","Vig",1
"Wak",3,"South_Wairarapa","N162_081/300","41__12",160,1000,-3,1981,"jo",1595,1.5,1.8,88,1.76,1,3,4,3,"N","eucalyptus","Vig",1
"K82",1,"Central_Wairarapa","N158_343/625","40__57",180,1080,-3,1982,"bxs",1111,6.02,3.63,38,1.8,3,3,3,3,"N","eucalyptus","Vig",1
"K82",1,"Central_Wairarapa","N158_343/625","40__57",180,1080,-3,1982,"br",2620,2.29,3.2,50,0.98,1,3,3,3,"N","eucalyptus","Vig",1
"K82",1,"Central_Wairarapa","N158_343/625","40__57",180,1080,-3,1982,"br",2621,3.31,4.34,50,2.13,2.5,3,3,3,"N","eucalyptus","Vig",1
"K82",1,"Central_Wairarapa","N158_343/625","40__57",180,1080,-3,1982,"fa",2426,53.86,5.01,100,0.6,3.5,3,3,3,"N","eucalyptus","Vig",1
"K82",1,"Central_Wairarapa","N158_343/625","40__57",180,1080,-3,1982,"fa",1482,19.66,12.21,100,5.25,4,4,3,2.7,"P","eucalyptus","Vig",1
"K82",1,"Central_Wairarapa","N158_343/625","40__57",180,1080,-3,1982,"fa",2548,22.23,12.82,100,4.65,4,3,3,2,"P","eucalyptus","Vig",1
"K82",1,"Central_Wairarapa","N158_343/625","40__57",180,1080,-3,1982,"fr",2552,1.82,2.43,13,-0.41,2.5,3,3,3,"N","eucalyptus","Vig",1
"K82",1,"Central_Wairarapa","N158_343/625","40__57",180,1080,-3,1982,"ka",2631,6.97,5.23,25,1.21,3,2.5,2,3,"N","eucalyptus","Vig",1
"K82",1,"Central_Wairarapa","N158_343/625","40__57",180,1080,-3,1982,"nd",1596,12.21,8.72,75,3.93,3.5,3,4,3.5,"P","eucalyptus","Vig",1
"K82",1,"Central_Wairarapa","N158_343/625","40__57",180,1080,-3,1982,"nd",2634,6.6,8.1,50,2.52,4,3,4,3.5,"N","eucalyptus","Vig",1
"K82",1,"Central_Wairarapa","N158_343/625","40__57",180,1080,-3,1982,"nd",2635,7.48,3.74,25,4.62,3.5,3,4,3.5,"N","eucalyptus","Vig",1
"K82",1,"Central_Wairarapa","N158_343/625","40__57",180,1080,-3,1982,"ov",1259,9.65,8.01,100,2.85,2,3,3.5,3,"N","eucalyptus","Vig",1
"K82",1,"Central_Wairarapa","N158_343/625","40__57",180,1080,-3,1982,"ov",1785,3.53,3.3,75,3.33,2,2.5,3,3,"N","eucalyptus","Vig",1
"K82",1,"Central_Wairarapa","N158_343/625","40__57",180,1080,-3,1982,"pu",2573,15.02,8.04,75,3.42,4,3,3.2,2.5,"N","eucalyptus","Vig",1
"K82",1,"Central_Wairarapa","N158_343/625","40__57",180,1080,-3,1982,"re",2550,11.27,7.14,75,1.75,3,3,4,3,"N","eucalyptus","Vig",1
"K82",1,"Central_Wairarapa","N158_343/625","40__57",180,1080,-3,1982,"rd",2575,2.72,3.43,50,-0.63,1,2,2,3,"N","eucalyptus","Vig",1
"K82",1,"Central_Wairarapa","N158_343/625","40__57",180,1080,-3,1982,"sm",1340,2.1,3.38,50,0.47,1,3,3,3,"N","eucalyptus","Vig",1
"K82",2,"Central_Wairarapa","N158_343/625","40__57",180,1080,-3,1982,"am",1592,7.5,8.08,25,3.2,3,3,4,4,"N","eucalyptus","Vig",1
"K82",2,"Central_Wairarapa","N158_343/625","40__57",180,1080,-3,1982,"am",2560,4.39,5.19,50,2.71,3.5,3,4.5,4,"N","eucalyptus","Vig",1
"K82",2,"Central_Wairarapa","N158_343/625","40__57",180,1080,-3,1982,"bxs",1111,12.26,6.81,71,3.99,3,3,2,2,"N","eucalyptus","Vig",1
"K82",2,"Central_Wairarapa","N158_343/625","40__57",180,1080,-3,1982,"br",2620,3.54,3.43,100,1.37,2,3.3,3.3,3.3,"N","eucalyptus","Vig",1
"K82",2,"Central_Wairarapa","N158_343/625","40__57",180,1080,-3,1982,"br",2621,3.09,2.63,75,4.36,2,3.3,3.3,3.3,"N","eucalyptus","Vig",1
"K82",2,"Central_Wairarapa","N158_343/625","40__57",180,1080,-3,1982,"fa",2548,5.5,4.89,25,0.79,3,3,3,3,"N","eucalyptus","Vig",1
"K82",2,"Central_Wairarapa","N158_343/625","40__57",180,1080,-3,1982,"ka",1171,6.97,8.95,75,2.9,2,3,3,3,"N","eucalyptus","Vig",1
"K82",2,"Central_Wairarapa","N158_343/625","40__57",180,1080,-3,1982,"nd",1596,5.73,4.98,75,3.52,3,3,4,3,"N","eucalyptus","Vig",1
"K82",2,"Central_Wairarapa","N158_343/625","40__57",180,1080,-3,1982,"nd",2569,19.44,15.38,75,4.85,3.5,3.5,4,3,"N","eucalyptus","Vig",1
"K82",2,"Central_Wairarapa","N158_343/625","40__57",180,1080,-3,1982,"nd",2634,10.97,9.97,75,4.87,3,3.2,4,3,"P","eucalyptus","Vig",1
"K82",2,"Central_Wairarapa","N158_343/625","40__57",180,1080,-3,1982,"nd",2635,5.86,4.36,75,2.35,3,3,4,3,"N","eucalyptus","Vig",1
"K82",2,"Central_Wairarapa","N158_343/625","40__57",180,1080,-3,1982,"re",2550,17.6,14.08,50,6.42,3.5,4,4,3.5,"N","eucalyptus","Vig",1
"K82",2,"Central_Wairarapa","N158_343/625","40__57",180,1080,-3,1982,"re",2553,6.34,6.45,50,4.25,3,4,4,4,"N","eucalyptus","Vig",1
"K82",2,"Central_Wairarapa","N158_343/625","40__57",180,1080,-3,1982,"re",2574,1.17,2.34,25,1.3,3,3,3,3,"N","eucalyptus","Vig",1
"K82",2,"Central_Wairarapa","N158_343/625","40__57",180,1080,-3,1982,"rd",2575,6.97,5.32,50,5.04,3.5,2,3,3,"N","eucalyptus","Vig",1
"K82",2,"Central_Wairarapa","N158_343/625","40__57",180,1080,-3,1982,"sm",1340,2.1,3.85,25,1.1,2,3,3,3,"N","eucalyptus","Vig",1
"K82",3,"Central_Wairarapa","N158_343/625","40__57",180,1080,-3,1982,"am",1592,11.77,8.08,75,2.69,4,3,4,3,"N","eucalyptus","Vig",1
"K82",3,"Central_Wairarapa","N158_343/625","40__57",180,1080,-3,1982,"bxs",1111,9.65,6.24,25,3.08,3,3,3,2.5,"N","eucalyptus","Vig",1
"K82",3,"Central_Wairarapa","N158_343/625","40__57",180,1080,-3,1982,"el",2638,0.58,1.75,25,-0.02,3,3,3,3,"N","eucalyptus","Vig",1
"K82",3,"Central_Wairarapa","N158_343/625","40__57",180,1080,-3,1982,"ka",1171,11.62,11.62,2,0.79,2,4,3,3,"N","eucalyptus","Vig",1
"K82",3,"Central_Wairarapa","N158_343/625","40__57",180,1080,-3,1982,"ka",2631,9.06,6.97,25,0.37,1,2,2,3,"N","eucalyptus","Vig",1
"K82",3,"Central_Wairarapa","N158_343/625","40__57",180,1080,-3,1982,"ov",1788,15.31,11.77,75,3.14,2,4,4,4,"N","eucalyptus","Vig",1
"K82",3,"Central_Wairarapa","N158_343/625","40__57",180,1080,-3,1982,"ov",1259,7.65,8.24,25,0.95,2,4,4,4,"N","eucalyptus","Vig",1
"K82",3,"Central_Wairarapa","N158_343/625","40__57",180,1080,-3,1982,"ov",2571,6.42,8.24,25,2.53,2,4,4,4,"N","eucalyptus","Vig",1
"K82",3,"Central_Wairarapa","N158_343/625","40__57",180,1080,-3,1982,"re",2553,19.13,13.5,50,4.98,4,4,4,3,"N","eucalyptus","Vig",1
"K82",3,"Central_Wairarapa","N158_343/625","40__57",180,1080,-3,1982,"re",2574,15.26,14.08,25,4.14,4,4,4,3,"N","eucalyptus","Vig",1
"K82",3,"Central_Wairarapa","N158_343/625","40__57",180,1080,-3,1982,"rd",2575,4.84,4.13,50,2.25,1.5,3,3,3,"N","eucalyptus","Vig",1
"K82",3,"Central_Wairarapa","N158_343/625","40__57",180,1080,-3,1982,"sm",1340,7.58,6.06,38,2.72,2,3,3,3,"N","eucalyptus","Vig",1
"WSp",1,"Southern_Hawkes_Bay","N151_912/221","40__36",150,1250,-3,1983,"am",1592,24.24,17.9,38,2.25,3.5,3,3.3,2.5,"P","eucalyptus","Vig",1
"WSp",1,"Southern_Hawkes_Bay","N151_912/221","40__36",150,1250,-3,1983,"am",2560,20.24,14.6,63,1.95,3.5,3,3.7,2.5,"P","eucalyptus","Vig",1
"WSp",1,"Southern_Hawkes_Bay","N151_912/221","40__36",150,1250,-3,1983,"co",2562,17.4,14.14,63,3.1,4,3.7,4,3.5,"P","eucalyptus","Vig",1
"WSp",1,"Southern_Hawkes_Bay","N151_912/221","40__36",150,1250,-3,1983,"cr",1252,17.36,15.64,50,3.04,3.5,2.5,2.5,2.5,"N","eucalyptus","Vig",1
"WSp",1,"Southern_Hawkes_Bay","N151_912/221","40__36",150,1250,-3,1983,"fa",2548,41.04,16.6,50,3.05,3,2,1.5,1.5,"P","eucalyptus","Vig",1
"WSp",1,"Southern_Hawkes_Bay","N151_912/221","40__36",150,1250,-3,1983,"nd",1596,15.02,9.92,100,4.43,4,2.7,4,2.5,"P","eucalyptus","Vig",1
"WSp",1,"Southern_Hawkes_Bay","N151_912/221","40__36",150,1250,-3,1983,"nd",2569,17.83,11.8,50,4.52,3,3,4,2.5,"P","eucalyptus","Vig",1
"WSp",1,"Southern_Hawkes_Bay","N151_912/221","40__36",150,1250,-3,1983,"ni",2547,20.8,10.23,13,3.29,3,3,2.5,3,"N","eucalyptus","Vig",1
"WSp",1,"Southern_Hawkes_Bay","N151_912/221","40__36",150,1250,-3,1983,"ni",2568,24.89,16.71,63,2.96,2.5,2.7,3,2,"N","eucalyptus","Vig",1
"WSp",1,"Southern_Hawkes_Bay","N151_912/221","40__36",150,1250,-3,1983,"ob",1522,19.13,10.66,38,3.47,3,2.5,2.5,2,"P","eucalyptus","Vig",1
"WSp",1,"Southern_Hawkes_Bay","N151_912/221","40__36",150,1250,-3,1983,"ob",2570,17.59,12.2,50,2.33,2.7,3,3.5,2.7,"N","eucalyptus","Vig",1
"WSp",1,"Southern_Hawkes_Bay","N151_912/221","40__36",150,1250,-3,1983,"ov",2571,19.35,17.3,50,3.45,2,3.2,4,4,"N","eucalyptus","Vig",1
"WSp",1,"Southern_Hawkes_Bay","N151_912/221","40__36",150,1250,-3,1983,"pu",2573,21.7,17.42,88,2.83,3.5,3,3.3,2.3,"P","eucalyptus","Vig",1
"WSp",1,"Southern_Hawkes_Bay","N151_912/221","40__36",150,1250,-3,1983,"re",2550,7.84,3.34,38,2.8,2.3,1.5,2,2,"N","eucalyptus","Vig",1
"WSp",1,"Southern_Hawkes_Bay","N151_912/221","40__36",150,1250,-3,1983,"re",2553,25.57,17.43,50,1.67,3,2.7,3,2,"N","eucalyptus","Vig",1
"WSp",1,"Southern_Hawkes_Bay","N151_912/221","40__36",150,1250,-3,1983,"rd",2575,6.87,9.4,50,0.86,3,2,2,2,"N","eucalyptus","Vig",1
"WSp",1,"Southern_Hawkes_Bay","N151_912/221","40__36",150,1250,-3,1983,"fr",2552,31.87,20.52,25,4.84,3.5,2.5,2.5,1.5,"N","eucalyptus","Vig",1
"WSp",1,"Southern_Hawkes_Bay","N151_912/221","40__36",150,1250,-3,1983,"re",2574,15.11,15.54,75,2.86,3,3.3,3.5,3.5,"P","eucalyptus","Vig",1
"WSp",1,"Southern_Hawkes_Bay","N151_912/221","40__36",150,1250,-3,1983,"nd",2634,21.72,14.75,38,3.99,3,3,4,2.3,"P","eucalyptus","Vig",1
"WSp",2,"Southern_Hawkes_Bay","N151_912/221","40__36",150,1250,-3,1983,"am",1592,24.95,19.69,50,1.73,3,2.7,3,2.7,"P","eucalyptus","Vig",1
"WSp",2,"Southern_Hawkes_Bay","N151_912/221","40__36",150,1250,-3,1983,"am",2560,17.35,16.11,38,2.18,3,2.5,3.5,2.5,"P","eucalyptus","Vig",1
"WSp",2,"Southern_Hawkes_Bay","N151_912/221","40__36",150,1250,-3,1983,"co",2562,18.81,19.09,75,2.49,3,3.5,4,3,"N","eucalyptus","Vig",1
"WSp",2,"Southern_Hawkes_Bay","N151_912/221","40__36",150,1250,-3,1983,"cr",1252,15.35,11.87,75,1.35,2.7,2.5,3,2.5,"N","eucalyptus","Vig",1
"WSp",2,"Southern_Hawkes_Bay","N151_912/221","40__36",150,1250,-3,1983,"fa",2548,22.6,12.61,63,3.71,3,2,2,1.5,"N","eucalyptus","Vig",1
"WSp",2,"Southern_Hawkes_Bay","N151_912/221","40__36",150,1250,-3,1983,"nd",1596,21.45,16.76,75,2.43,3.2,3.3,3.5,3,"P","eucalyptus","Vig",1
"WSp",2,"Southern_Hawkes_Bay","N151_912/221","40__36",150,1250,-3,1983,"nd",2569,15.15,15.82,75,2.43,3,3.1,3.4,3,"P","eucalyptus","Vig",1
"WSp",2,"Southern_Hawkes_Bay","N151_912/221","40__36",150,1250,-3,1983,"ni",2568,20.46,19.26,50,2.71,2.2,3.3,3.3,3,"P","eucalyptus","Vig",1
"WSp",2,"Southern_Hawkes_Bay","N151_912/221","40__36",150,1250,-3,1983,"ob",1522,20.8,15.41,25,4.68,2.8,3.3,3.2,3.5,"P","eucalyptus","Vig",1
"WSp",2,"Southern_Hawkes_Bay","N151_912/221","40__36",150,1250,-3,1983,"ob",2570,22.98,19.9,50,6.05,2.7,3.5,3.3,3.5,"N","eucalyptus","Vig",1
"WSp",2,"Southern_Hawkes_Bay","N151_912/221","40__36",150,1250,-3,1983,"ov",1788,16.99,16.52,25,2.73,2.7,3.2,3.7,3.2,"N","eucalyptus","Vig",1
"WSp",2,"Southern_Hawkes_Bay","N151_912/221","40__36",150,1250,-3,1983,"ov",2571,19.67,20.14,50,2.92,2,3.3,3.7,4,"P","eucalyptus","Vig",1
"WSp",2,"Southern_Hawkes_Bay","N151_912/221","40__36",150,1250,-3,1983,"pa",2750,29.47,14.67,88,3.74,4,3,3,1.7,"N","eucalyptus","Vig",1
"WSp",2,"Southern_Hawkes_Bay","N151_912/221","40__36",150,1250,-3,1983,"pu",2573,23.29,17.74,75,3.66,3,3,3.5,2.5,"N","eucalyptus","Vig",1
"WSp",2,"Southern_Hawkes_Bay","N151_912/221","40__36",150,1250,-3,1983,"re",2550,24.55,15.98,13,3.97,2.7,4,3.3,3,"N","eucalyptus","Vig",1
"WSp",2,"Southern_Hawkes_Bay","N151_912/221","40__36",150,1250,-3,1983,"re",2553,23.53,21.06,50,8.17,3.5,3.3,3.2,2.8,"P","eucalyptus","Vig",1
"WSp",2,"Southern_Hawkes_Bay","N151_912/221","40__36",150,1250,-3,1983,"rd",2575,3.62,6.03,25,0.21,3,2.5,2.5,3,"N","eucalyptus","Vig",1
"WSp",2,"Southern_Hawkes_Bay","N151_912/221","40__36",150,1250,-3,1983,"fr",2552,31.73,18.88,63,1.23,3.2,3,3,2,"P","eucalyptus","Vig",1
"WSp",2,"Southern_Hawkes_Bay","N151_912/221","40__36",150,1250,-3,1983,"ob",2458,18.88,10.53,63,2.28,3,2,2,1.5,"N","eucalyptus","Vig",1
"WSp",2,"Southern_Hawkes_Bay","N151_912/221","40__36",150,1250,-3,1983,"re",2574,24.4,20.33,75,3.87,3.5,3.3,3.2,2.8,"P","eucalyptus","Vig",1
"WSp",3,"Southern_Hawkes_Bay","N151_912/221","40__36",150,1250,-3,1983,"am",1592,18.4,14.18,50,4.93,3.2,2,2.5,1.5,"P","eucalyptus","Vig",1
"WSp",3,"Southern_Hawkes_Bay","N151_912/221","40__36",150,1250,-3,1983,"am",2560,18.59,8.26,13,3.09,3.5,2,2,2,"N","eucalyptus","Vig",1
"WSp",3,"Southern_Hawkes_Bay","N151_912/221","40__36",150,1250,-3,1983,"co",2562,14.87,15.56,38,3.75,3.5,3.3,3.3,3,"P","eucalyptus","Vig",1
"WSp",3,"Southern_Hawkes_Bay","N151_912/221","40__36",150,1250,-3,1983,"fa",2548,41.51,14.6,25,2.31,3,1.5,1.5,1,"N","eucalyptus","Vig",1
"WSp",3,"Southern_Hawkes_Bay","N151_912/221","40__36",150,1250,-3,1983,"nd",1596,19.04,14.75,50,4.88,4,2.5,2.5,2,"P","eucalyptus","Vig",1
"WSp",3,"Southern_Hawkes_Bay","N151_912/221","40__36",150,1250,-3,1983,"nd",2569,15.55,12.87,63,1.76,3,2.5,3,2,"P","eucalyptus","Vig",1
"WSp",3,"Southern_Hawkes_Bay","N151_912/221","40__36",150,1250,-3,1983,"ni",2547,25.4,18.75,13,3.18,2.7,2,2.5,2.3,"N","eucalyptus","Vig",1
"WSp",3,"Southern_Hawkes_Bay","N151_912/221","40__36",150,1250,-3,1983,"ni",2568,47.73,18.55,13,6.12,2.7,2,2,2,"P","eucalyptus","Vig",1
"WSp",3,"Southern_Hawkes_Bay","N151_912/221","40__36",150,1250,-3,1983,"ob",1522,21.7,17.33,25,2.55,3,3,3,3,"P","eucalyptus","Vig",1
"WSp",3,"Southern_Hawkes_Bay","N151_912/221","40__36",150,1250,-3,1983,"ob",2570,34.67,15.41,13,3.15,3,2.5,2.5,2,"N","eucalyptus","Vig",1
"WSp",3,"Southern_Hawkes_Bay","N151_912/221","40__36",150,1250,-3,1983,"ov",1788,7.4,13.38,25,0.78,2,3.2,3,3,"N","eucalyptus","Vig",1
"WSp",3,"Southern_Hawkes_Bay","N151_912/221","40__36",150,1250,-3,1983,"ov",2571,22.03,19.34,50,4.05,2.5,3.3,3.3,3,"N","eucalyptus","Vig",1
"WSp",3,"Southern_Hawkes_Bay","N151_912/221","40__36",150,1250,-3,1983,"pa",2750,32.75,16.37,50,3.18,4,2,2,2,"N","eucalyptus","Vig",1
"WSp",3,"Southern_Hawkes_Bay","N151_912/221","40__36",150,1250,-3,1983,"pu",2573,27.4,17.9,38,2.05,3.3,2.5,3,2,"P","eucalyptus","Vig",1
"WSp",3,"Southern_Hawkes_Bay","N151_912/221","40__36",150,1250,-3,1983,"re",2550,23.1,18.59,63,3.18,3.5,3.3,3.3,3,"P","eucalyptus","Vig",1
"WSp",3,"Southern_Hawkes_Bay","N151_912/221","40__36",150,1250,-3,1983,"re",2553,20.34,18.45,75,5.86,3,3.3,3.3,3,"P","eucalyptus","Vig",1
"WSp",3,"Southern_Hawkes_Bay","N151_912/221","40__36",150,1250,-3,1983,"rd",2575,5.18,4.82,38,0.67,2,2,2,2,"N","eucalyptus","Vig",1
"WSp",3,"Southern_Hawkes_Bay","N151_912/221","40__36",150,1250,-3,1983,"fr",2552,15.05,9.05,25,5.73,4,2,1.5,1,"N","eucalyptus","Vig",1
"WSp",3,"Southern_Hawkes_Bay","N151_912/221","40__36",150,1250,-3,1983,"re",2574,22.08,21.79,50,5.81,3,3.3,3.3,3,"P","eucalyptus","Vig",1
"WSp",3,"Southern_Hawkes_Bay","N151_912/221","40__36",150,1250,-3,1983,"nd",2634,26.28,20.11,25,3.74,3,3,3,2,"P","eucalyptus","Vig",1
"K83",1,"Central_Wairarapa","N158_344/626","40__57",180,1080,-3,1983,"co",2562,17.41,12.44,50,3.59,3.3,3,3.5,3,"P","eucalyptus","Vig",1
"K83",1,"Central_Wairarapa","N158_344/626","40__57",180,1080,-3,1983,"cr",1252,12.96,11.21,88,4.24,4,2.5,2,2,"N","eucalyptus","Vig",1
"K83",1,"Central_Wairarapa","N158_344/626","40__57",180,1080,-3,1983,"co",1,6.77,7.19,75,3.14,3,2.7,3,3,"N","eucalyptus","Vig",1
"K83",1,"Central_Wairarapa","N158_344/626","40__57",180,1080,-3,1983,"fa",2548,2.95,4.43,13,1.83,2,3,3,3,"N","eucalyptus","Vig",1
"K83",1,"Central_Wairarapa","N158_344/626","40__57",180,1080,-3,1983,"nd",1596,7.68,6.56,50,2.98,3.5,3.5,4,4,"N","eucalyptus","Vig",1
"K83",1,"Central_Wairarapa","N158_344/626","40__57",180,1080,-3,1983,"nd",2569,16.69,11.67,75,3.59,3.8,3.4,4,3.5,"N","eucalyptus","Vig",1
"K83",1,"Central_Wairarapa","N158_344/626","40__57",180,1080,-3,1983,"ob",2458,8.46,7.05,13,0.71,3,3,3,3,"N","eucalyptus","Vig",1
"K83",1,"Central_Wairarapa","N158_344/626","40__57",180,1080,-3,1983,"ov",1788,5.35,5.9,25,0.24,1.8,2,2.5,3,"N","eucalyptus","Vig",1
"K83",1,"Central_Wairarapa","N158_344/626","40__57",180,1080,-3,1983,"ov",2571,14.82,14.23,50,3.2,1.7,4,4,3.5,"P","eucalyptus","Vig",1
"K83",1,"Central_Wairarapa","N158_344/626","40__57",180,1080,-3,1983,"pa",2750,9.19,7.81,50,3.84,3,3,4,3,"N","eucalyptus","Vig",1
"K83",1,"Central_Wairarapa","N158_344/626","40__57",180,1080,-3,1983,"pu",2573,5.19,4.44,13,2.15,2.5,3,3,3,"N","eucalyptus","Vig",1
"K83",1,"Central_Wairarapa","N158_344/626","40__57",180,1080,-3,1983,"re",2553,9.73,11.04,75,2.25,3,3.5,4,3.5,"P","eucalyptus","Vig",1
"K83",1,"Central_Wairarapa","N158_344/626","40__57",180,1080,-3,1983,"rd",2575,13.54,8.81,88,0.42,2,2.5,3,3,"N","eucalyptus","Vig",1
"K83",1,"Central_Wairarapa","N158_344/626","40__57",180,1080,-3,1983,"fr",2552,5.78,7.21,13,-0.03,3,4,4,4,"N","eucalyptus","Vig",1
"K83",2,"Central_Wairarapa","N158_344/626","40__57",180,1080,-3,1983,"cr",1252,5.36,4.61,63,1.11,3,2,2,3,"N","eucalyptus","Vig",1
"K83",2,"Central_Wairarapa","N158_344/626","40__57",180,1080,-3,1983,"co",1,11.88,9.81,63,4.56,4,2.5,2.5,2.5,"N","eucalyptus","Vig",1
"K83",2,"Central_Wairarapa","N158_344/626","40__57",180,1080,-3,1983,"fa",1482,14.03,9.9,63,4.03,4,3.5,3,3,"P","eucalyptus","Vig",1
"K83",2,"Central_Wairarapa","N158_344/626","40__57",180,1080,-3,1983,"fa",2548,23.63,11.82,88,4.3,4,3,2.5,2,"P","eucalyptus","Vig",1
"K83",2,"Central_Wairarapa","N158_344/626","40__57",180,1080,-3,1983,"fr",2552,10.39,8.66,38,1.77,3.5,3,4,3,"N","eucalyptus","Vig",1
"K83",2,"Central_Wairarapa","N158_344/626","40__57",180,1080,-3,1983,"nd",1596,7.83,6.79,100,2.57,3,3.5,4.5,3.5,"P","eucalyptus","Vig",1
"K83",2,"Central_Wairarapa","N158_344/626","40__57",180,1080,-3,1983,"nd",2569,11.23,10.34,50,3.09,3.5,3.3,4,3.5,"P","eucalyptus","Vig",1
"K83",2,"Central_Wairarapa","N158_344/626","40__57",180,1080,-3,1983,"ni",2547,9.13,8.01,75,1.77,2,3.3,3.3,3,"N","eucalyptus","Vig",1
"K83",2,"Central_Wairarapa","N158_344/626","40__57",180,1080,-3,1983,"ni",2568,11.66,8.57,75,4.06,2.5,2.5,2.5,2.5,"N","eucalyptus","Vig",1
"K83",2,"Central_Wairarapa","N158_344/626","40__57",180,1080,-3,1983,"ob",2570,3.81,4.93,13,1.18,2.5,3,4,3,"N","eucalyptus","Vig",1
"K83",2,"Central_Wairarapa","N158_344/626","40__57",180,1080,-3,1983,"ov",1788,16.16,10.98,13,2.82,2.5,3,4,3,"P","eucalyptus","Vig",1
"K83",2,"Central_Wairarapa","N158_344/626","40__57",180,1080,-3,1983,"ov",2571,8.83,7.91,63,4.55,2.5,3.5,4,4,"P","eucalyptus","Vig",1
"K83",2,"Central_Wairarapa","N158_344/626","40__57",180,1080,-3,1983,"pa",2750,1.38,1.53,13,0.66,1,3,3,3,"N","eucalyptus","Vig",1
"K83",2,"Central_Wairarapa","N158_344/626","40__57",180,1080,-3,1983,"pu",2573,1.48,2.96,13,-0.43,3,3,3,3,"N","eucalyptus","Vig",1
"K83",2,"Central_Wairarapa","N158_344/626","40__57",180,1080,-3,1983,"re",2550,9.15,8.42,25,3.31,3.5,3.5,4,4,"N","eucalyptus","Vig",1
"K83",2,"Central_Wairarapa","N158_344/626","40__57",180,1080,-3,1983,"re",2553,4.79,4.36,38,1.33,3.5,3.5,4,3.5,"N","eucalyptus","Vig",1
"K83",2,"Central_Wairarapa","N158_344/626","40__57",180,1080,-3,1983,"rd",2575,6.7,6.83,75,2.44,2.7,3,3.5,3.5,"N","eucalyptus","Vig",1
"K83",3,"Central_Wairarapa","N158_344/626","40__57",180,1080,-3,1983,"am",1592,15.73,10.67,75,1.92,4,3,4,3,"N","eucalyptus","Vig",1
"K83",3,"Central_Wairarapa","N158_344/626","40__57",180,1080,-3,1983,"am",2560,13.13,11.49,88,3.2,4,3,4,4,"N","eucalyptus","Vig",1
"K83",3,"Central_Wairarapa","N158_344/626","40__57",180,1080,-3,1983,"co",2562,9.94,7.46,50,0.74,4,3,4,3,"N","eucalyptus","Vig",1
"K83",3,"Central_Wairarapa","N158_344/626","40__57",180,1080,-3,1983,"cr",1252,5.86,5.61,50,1.11,4,2.5,2.5,3,"N","eucalyptus","Vig",1
"K83",3,"Central_Wairarapa","N158_344/626","40__57",180,1080,-3,1983,"co",1,9.12,9.67,50,4.4,4,3,3,3,"N","eucalyptus","Vig",1
"K83",3,"Central_Wairarapa","N158_344/626","40__57",180,1080,-3,1983,"fa",1482,6.94,5.17,38,3.17,3,3,4,3.5,"N","eucalyptus","Vig",1
"K83",3,"Central_Wairarapa","N158_344/626","40__57",180,1080,-3,1983,"fa",2548,16.25,13.29,13,2.87,4,4,3.5,3,"N","eucalyptus","Vig",1
"K83",3,"Central_Wairarapa","N158_344/626","40__57",180,1080,-3,1983,"fr",2552,1.59,2.89,38,2.77,3,3,3,3,"N","eucalyptus","Vig",1
"K83",3,"Central_Wairarapa","N158_344/626","40__57",180,1080,-3,1983,"nd",2569,5.32,5.91,50,2.68,4,3.5,4,3.5,"N","eucalyptus","Vig",1
"K83",3,"Central_Wairarapa","N158_344/626","40__57",180,1080,-3,1983,"ni",2547,24.73,14.19,88,6,3,3,3,2.8,"N","eucalyptus","Vig",1
"K83",3,"Central_Wairarapa","N158_344/626","40__57",180,1080,-3,1983,"ni",2568,9.13,7.02,13,2.73,2.5,3,3,2.5,"N","eucalyptus","Vig",1
"K83",3,"Central_Wairarapa","N158_344/626","40__57",180,1080,-3,1983,"ob",1522,1.41,2.82,13,0.75,3,3,3,3,"N","eucalyptus","Vig",1
"K83",3,"Central_Wairarapa","N158_344/626","40__57",180,1080,-3,1983,"ob",2458,2.11,3.1,38,2.46,3,3,3,3,"N","eucalyptus","Vig",1
"K83",3,"Central_Wairarapa","N158_344/626","40__57",180,1080,-3,1983,"ob",2570,21.43,14.1,38,5.09,3.5,3,3.5,3,"P","eucalyptus","Vig",1
"K83",3,"Central_Wairarapa","N158_344/626","40__57",180,1080,-3,1983,"ov",2571,8.75,7.27,38,3.4,2.5,3,4,3.3,"N","eucalyptus","Vig",1
"K83",3,"Central_Wairarapa","N158_344/626","40__57",180,1080,-3,1983,"pa",2750,3.37,3.68,50,2.71,2.5,3,4,3,"N","eucalyptus","Vig",1
"K83",3,"Central_Wairarapa","N158_344/626","40__57",180,1080,-3,1983,"re",2553,8.13,7.99,88,2.84,3,3.5,4,4,"N","eucalyptus","Vig",1
"K83",3,"Central_Wairarapa","N158_344/626","40__57",180,1080,-3,1983,"rd",2575,2.63,4.6,38,2.38,1.5,3,3,3,"N","eucalyptus","Vig",1
"Lon",1,"South_Wairarapa","N162_097/424","41__08",220,1050,-2,1983,"am",1592,23.59,9.87,75,2.29,4,3,4,3,"P","eucalyptus","Vig",1
"Lon",1,"South_Wairarapa","N162_097/424","41__08",220,1050,-2,1983,"am",2560,20.72,8.67,100,3.78,3.5,2.5,4,4,"N","eucalyptus","Vig",1
"Lon",1,"South_Wairarapa","N162_097/424","41__08",220,1050,-2,1983,"co",2562,19.64,11.02,100,3.38,3,3,3,3,"P","eucalyptus","Vig",1
"Lon",1,"South_Wairarapa","N162_097/424","41__08",220,1050,-2,1983,"cr",1252,14.13,8.85,100,2.83,2.5,1.5,2,2,"N","eucalyptus","Vig",1
"Lon",1,"South_Wairarapa","N162_097/424","41__08",220,1050,-2,1983,"fa",1482,22.62,8.83,88,1.54,3,3,3,3,"N","eucalyptus","Vig",1
"Lon",1,"South_Wairarapa","N162_097/424","41__08",220,1050,-2,1983,"fa",2548,15.98,6.24,63,5.83,4,2.8,2.8,2.5,"N","eucalyptus","Vig",1
"Lon",1,"South_Wairarapa","N162_097/424","41__08",220,1050,-2,1983,"nd",1596,16.18,7.67,88,3.64,3,2.5,4,3,"N","eucalyptus","Vig",1
"Lon",1,"South_Wairarapa","N162_097/424","41__08",220,1050,-2,1983,"nd",2569,18.44,8.74,100,3.11,3.5,2.8,4,2.8,"P","eucalyptus","Vig",1
"Lon",1,"South_Wairarapa","N162_097/424","41__08",220,1050,-2,1983,"ni",2547,21.25,9.62,100,4.72,2.5,3,3,2,"P","eucalyptus","Vig",1
"Lon",1,"South_Wairarapa","N162_097/424","41__08",220,1050,-2,1983,"ni",2568,16.7,7.64,100,3.44,2.8,3,3,2,"P","eucalyptus","Vig",1
"Lon",1,"South_Wairarapa","N162_097/424","41__08",220,1050,-2,1983,"ob",1522,15.73,7.8,88,3.74,2.8,3,3.5,3.5,"N","eucalyptus","Vig",1
"Lon",1,"South_Wairarapa","N162_097/424","41__08",220,1050,-2,1983,"ob",2570,16.55,8.21,100,2.82,3,3.5,3.3,3,"P","eucalyptus","Vig",1
"Lon",1,"South_Wairarapa","N162_097/424","41__08",220,1050,-2,1983,"ov",2571,13.67,5.24,63,2.51,2,2.5,3.3,3,"P","eucalyptus","Vig",1
"Lon",1,"South_Wairarapa","N162_097/424","41__08",220,1050,-2,1983,"pa",2750,12.8,7.25,50,4.66,4.5,2.5,3,3,"N","eucalyptus","Vig",1
"Lon",1,"South_Wairarapa","N162_097/424","41__08",220,1050,-2,1983,"re",2553,20.82,11.37,88,2.56,3.3,3.3,3,2.3,"N","eucalyptus","Vig",1
"Lon",1,"South_Wairarapa","N162_097/424","41__08",220,1050,-2,1983,"rd",2575,6.65,5.08,88,1.03,2.5,2.5,3,3,"N","eucalyptus","Vig",1
"Lon",1,"South_Wairarapa","N162_097/424","41__08",220,1050,-2,1983,"fr",2552,18.88,9.59,75,5.23,3,3,3.3,3,"P","eucalyptus","Vig",1
"Lon",2,"South_Wairarapa","N162_097/424","41__08",220,1050,-2,1983,"am",1592,24.3,10.49,50,5.86,3,3,4,2.5,"P","eucalyptus","Vig",1
"Lon",2,"South_Wairarapa","N162_097/424","41__08",220,1050,-2,1983,"am",2560,16.5,7.08,75,2.53,3.5,2.5,4,3,"P","eucalyptus","Vig",1
"Lon",2,"South_Wairarapa","N162_097/424","41__08",220,1050,-2,1983,"co",2562,17.62,9.9,88,2.06,3.3,3,3.5,3.3,"P","eucalyptus","Vig",1
"Lon",2,"South_Wairarapa","N162_097/424","41__08",220,1050,-2,1983,"cr",1252,12.52,9.23,100,3.15,2.8,2,2.8,2,"N","eucalyptus","Vig",1
"Lon",2,"South_Wairarapa","N162_097/424","41__08",220,1050,-2,1983,"fa",1482,21.8,8.52,100,1.46,3,3,3,3,"N","eucalyptus","Vig",1
"Lon",2,"South_Wairarapa","N162_097/424","41__08",220,1050,-2,1983,"fa",2548,13.7,5.35,88,4.34,3,2,3,1.5,"P","eucalyptus","Vig",1
"Lon",2,"South_Wairarapa","N162_097/424","41__08",220,1050,-2,1983,"nd",1596,10.97,5.2,50,3.41,3,3.3,4,3.5,"P","eucalyptus","Vig",1
"Lon",2,"South_Wairarapa","N162_097/424","41__08",220,1050,-2,1983,"nd",2569,20.86,9.89,25,3.03,3,3,3,3,"N","eucalyptus","Vig",1
"Lon",2,"South_Wairarapa","N162_097/424","41__08",220,1050,-2,1983,"ni",2547,20.31,9.27,100,4.01,2.5,2.8,2.5,2.5,"P","eucalyptus","Vig",1
"Lon",2,"South_Wairarapa","N162_097/424","41__08",220,1050,-2,1983,"ni",2568,20.29,9.27,88,1.83,2.5,3,3,2,"N","eucalyptus","Vig",1
"Lon",2,"South_Wairarapa","N162_097/424","41__08",220,1050,-2,1983,"ob",1522,7.6,3.76,63,2.73,3,3,3,3,"N","eucalyptus","Vig",1
"Lon",2,"South_Wairarapa","N162_097/424","41__08",220,1050,-2,1983,"ob",2570,19.01,9.41,75,4.19,3,3.5,3.5,3.5,"P","eucalyptus","Vig",1
"Lon",2,"South_Wairarapa","N162_097/424","41__08",220,1050,-2,1983,"ov",2571,16.15,6.19,100,2.95,2.3,3,4,4,"P","eucalyptus","Vig",1
"Lon",2,"South_Wairarapa","N162_097/424","41__08",220,1050,-2,1983,"pa",2750,14.5,8.17,88,3.82,3,3,3,3,"N","eucalyptus","Vig",1
"Lon",2,"South_Wairarapa","N162_097/424","41__08",220,1050,-2,1983,"re",2553,11.28,6.41,50,3.23,3.5,3.5,3.5,3,"P","eucalyptus","Vig",1
"Lon",2,"South_Wairarapa","N162_097/424","41__08",220,1050,-2,1983,"rd",2575,13.31,8.75,75,1.76,3,2.5,3,2.5,"N","eucalyptus","Vig",1
"Lon",2,"South_Wairarapa","N162_097/424","41__08",220,1050,-2,1983,"fr",2552,14.89,7.56,50,2.58,4,2,3,2,"P","eucalyptus","Vig",1
"Lon",3,"South_Wairarapa","N162_097/424","41__08",220,1050,-2,1983,"am",1592,19.34,8.3,100,2.17,3.5,2.5,3.5,2.5,"P","eucalyptus","Vig",1
"Lon",3,"South_Wairarapa","N162_097/424","41__08",220,1050,-2,1983,"am",2560,21.27,9.13,88,2.31,3.5,2.5,3.3,3,"P","eucalyptus","Vig",1
"Lon",3,"South_Wairarapa","N162_097/424","41__08",220,1050,-2,1983,"co",2562,17.62,9.9,100,2.89,3,3,3.3,3.3,"P","eucalyptus","Vig",1
"Lon",3,"South_Wairarapa","N162_097/424","41__08",220,1050,-2,1983,"cr",1252,10.36,7.54,100,2.98,3,2,2,2,"N","eucalyptus","Vig",1
"Lon",3,"South_Wairarapa","N162_097/424","41__08",220,1050,-2,1983,"fa",1482,22.38,8.74,100,3.49,3,3.2,3.3,2.6,"P","eucalyptus","Vig",1
"Lon",3,"South_Wairarapa","N162_097/424","41__08",220,1050,-2,1983,"fa",2548,6.34,3.65,100,3.55,3,2,2.5,2.5,"N","eucalyptus","Vig",1
"Lon",3,"South_Wairarapa","N162_097/424","41__08",220,1050,-2,1983,"nd",1596,14.77,7,100,1.35,4,2,3.5,3,"P","eucalyptus","Vig",1
"Lon",3,"South_Wairarapa","N162_097/424","41__08",220,1050,-2,1983,"nd",2569,10.11,4.79,100,0.3,3.5,2.8,4,4,"P","eucalyptus","Vig",1
"Lon",3,"South_Wairarapa","N162_097/424","41__08",220,1050,-2,1983,"ni",2547,18.16,8.29,75,3.13,2.3,3.3,3.3,3,"P","eucalyptus","Vig",1
"Lon",3,"South_Wairarapa","N162_097/424","41__08",220,1050,-2,1983,"ni",2568,21.09,9.63,63,4.38,3,4,3.3,3,"P","eucalyptus","Vig",1
"Lon",3,"South_Wairarapa","N162_097/424","41__08",220,1050,-2,1983,"ob",1522,17.84,8.83,88,3.78,3,3,3,2.7,"P","eucalyptus","Vig",1
"Lon",3,"South_Wairarapa","N162_097/424","41__08",220,1050,-2,1983,"ob",2570,18.3,9.06,50,3.44,3,2.5,3,2.5,"N","eucalyptus","Vig",1
"Lon",3,"South_Wairarapa","N162_097/424","41__08",220,1050,-2,1983,"ov",2571,14.53,5.57,100,3.76,2,3,4,3.5,"N","eucalyptus","Vig",1
"Lon",3,"South_Wairarapa","N162_097/424","41__08",220,1050,-2,1983,"pa",2750,13.26,8.94,100,4.69,4,3,3.5,3.5,"P","eucalyptus","Vig",1
"Lon",3,"South_Wairarapa","N162_097/424","41__08",220,1050,-2,1983,"re",2553,11.55,6.56,100,1.95,2.7,3.3,4,4,"P","eucalyptus","Vig",1
"Lon",3,"South_Wairarapa","N162_097/424","41__08",220,1050,-2,1983,"rd",2575,15.93,9.1,88,1.9,3,2,2.5,2.5,"N","eucalyptus","Vig",1
"Lon",3,"South_Wairarapa","N162_097/424","41__08",220,1050,-2,1983,"fr",2552,14.25,7.23,63,2.29,3,3,2.8,2,"N","eucalyptus","Vig",1
"Lon",3,"South_Wairarapa","N162_097/424","41__08",220,1050,-2,1983,"fr",2751,12.35,6.27,71,3.97,4,2.5,3.5,2.5,"P","eucalyptus","Vig",1
"Lon",3,"South_Wairarapa","N162_097/424","41__08",220,1050,-2,1983,"re",2574,7.22,4.1,57,3.99,3,2,3,2,"N","eucalyptus","Vig",1
"Puk",1,"South_Wairarapa","N166_063/197","41__16",300,1200,-3,1982,"am",1592,10.4,5.77,75,3.55,3,2,3,2,"N","eucalyptus","Vig",1
"Puk",1,"South_Wairarapa","N166_063/197","41__16",300,1200,-3,1982,"am",2560,11.66,7.27,100,3.14,3,2,3,2,"N","eucalyptus","Vig",1
"Puk",1,"South_Wairarapa","N166_063/197","41__16",300,1200,-3,1982,"bxs",1111,10.99,7.2,100,2.65,3,3,3,3,"N","eucalyptus","Vig",1
"Puk",1,"South_Wairarapa","N166_063/197","41__16",300,1200,-3,1982,"br",2620,7.87,6.25,100,4.76,1.5,2,2,2,"N","eucalyptus","Vig",1
"Puk",1,"South_Wairarapa","N166_063/197","41__16",300,1200,-3,1982,"br",2621,7.64,6.72,100,4.07,2,2,2,2,"N","eucalyptus","Vig",1
"Puk",1,"South_Wairarapa","N166_063/197","41__16",300,1200,-3,1982,"el",2638,1.27,1.74,50,-0.37,3,2,3,3,"N","eucalyptus","Vig",1
"Puk",1,"South_Wairarapa","N166_063/197","41__16",300,1200,-3,1982,"fa",2426,11.85,7.47,50,2.27,3,4,3,3,"N","eucalyptus","Vig",1
"Puk",1,"South_Wairarapa","N166_063/197","41__16",300,1200,-3,1982,"fa",1482,6.52,5.81,100,2.9,3,3,3,3,"P","eucalyptus","Vig",1
"Puk",1,"South_Wairarapa","N166_063/197","41__16",300,1200,-3,1982,"fa",2548,7.7,5.69,100,2.36,3,4,4,4,"N","eucalyptus","Vig",1
"Puk",1,"South_Wairarapa","N166_063/197","41__16",300,1200,-3,1982,"ka",1171,10.81,3.45,100,2.24,2,1,1,1,"N","eucalyptus","Vig",1
"Puk",1,"South_Wairarapa","N166_063/197","41__16",300,1200,-3,1982,"ka",2631,17.83,6.56,75,2.76,2,1,1,1,"N","eucalyptus","Vig",1
"Puk",1,"South_Wairarapa","N166_063/197","41__16",300,1200,-3,1982,"nd",2569,12.5,6.62,100,2.83,3,3,3,3,"P","eucalyptus","Vig",1
"Puk",1,"South_Wairarapa","N166_063/197","41__16",300,1200,-3,1982,"nd",2634,7.97,5.88,75,2.1,3,3,3,3.5,"N","eucalyptus","Vig",1
"Puk",1,"South_Wairarapa","N166_063/197","41__16",300,1200,-3,1982,"nd",2635,8.58,7.48,100,1.74,3,2.5,3.5,3,"P","eucalyptus","Vig",1
"Puk",1,"South_Wairarapa","N166_063/197","41__16",300,1200,-3,1982,"ob",2570,6.05,5.44,100,5.33,2.5,3.5,3.5,3,"N","eucalyptus","Vig",1
"Puk",1,"South_Wairarapa","N166_063/197","41__16",300,1200,-3,1982,"ov",1788,6.76,6.76,75,1.59,1,3,3,3,"N","eucalyptus","Vig",1
"Puk",1,"South_Wairarapa","N166_063/197","41__16",300,1200,-3,1982,"ov",1259,13.99,9.09,100,3.7,2,2,2,2,"N","eucalyptus","Vig",1
"Puk",1,"South_Wairarapa","N166_063/197","41__16",300,1200,-3,1982,"ov",1785,8.65,5.95,100,3.74,1,3,3,3,"N","eucalyptus","Vig",1
"Puk",1,"South_Wairarapa","N166_063/197","41__16",300,1200,-3,1982,"ov",2571,16.79,13.17,100,5.49,2,3,3,2.5,"P","eucalyptus","Vig",1
"Puk",1,"South_Wairarapa","N166_063/197","41__16",300,1200,-3,1982,"pu",2573,2.45,3.06,50,1.09,4,1,2,3,"N","eucalyptus","Vig",1
"Puk",1,"South_Wairarapa","N166_063/197","41__16",300,1200,-3,1982,"re",2550,9.84,8.68,75,1.92,2,4,4,4,"N","eucalyptus","Vig",1
"Puk",1,"South_Wairarapa","N166_063/197","41__16",300,1200,-3,1982,"re",1352,4.98,4.05,75,2.14,2.5,3,3,3,"N","eucalyptus","Vig",1
"Puk",1,"South_Wairarapa","N166_063/197","41__16",300,1200,-3,1982,"re",2432,8.92,6.14,75,2.68,3,4,4,3.5,"N","eucalyptus","Vig",1
"Puk",1,"South_Wairarapa","N166_063/197","41__16",300,1200,-3,1982,"re",2553,13.39,6.6,75,2.28,2.5,3,3,2.5,"N","eucalyptus","Vig",1
"Puk",1,"South_Wairarapa","N166_063/197","41__16",300,1200,-3,1982,"re",2574,13.43,9.03,100,2.37,2,4,3,2.5,"P","eucalyptus","Vig",1
"Puk",1,"South_Wairarapa","N166_063/197","41__16",300,1200,-3,1982,"rd",2575,9.84,5.67,100,0.64,1.5,2,2,2,"N","eucalyptus","Vig",1
"Puk",2,"South_Wairarapa","N166_063/197","41__16",300,1200,-3,1982,"am",1592,4.73,5.31,100,1.16,3,3,4,4,"P","eucalyptus","Vig",1
"Puk",2,"South_Wairarapa","N166_063/197","41__16",300,1200,-3,1982,"am",2560,6.35,4.62,100,2.91,4,2,3,4,"N","eucalyptus","Vig",1
"Puk",2,"South_Wairarapa","N166_063/197","41__16",300,1200,-3,1982,"bxs",1111,18.99,10.73,75,2.44,3,3.5,3,3,"P","eucalyptus","Vig",1
"Puk",2,"South_Wairarapa","N166_063/197","41__16",300,1200,-3,1982,"br",2620,7.3,5.91,100,1.7,2,3,4,4,"N","eucalyptus","Vig",1
"Puk",2,"South_Wairarapa","N166_063/197","41__16",300,1200,-3,1982,"br",2621,8.11,4.98,100,1.72,1,4,4,4,"N","eucalyptus","Vig",1
"Puk",2,"South_Wairarapa","N166_063/197","41__16",300,1200,-3,1982,"el",2638,5.25,3.5,50,3.1,3,3,3,4,"N","eucalyptus","Vig",1
"Puk",2,"South_Wairarapa","N166_063/197","41__16",300,1200,-3,1982,"fa",2426,16.69,9.48,50,4.67,3,4,4,3,"N","eucalyptus","Vig",1
"Puk",2,"South_Wairarapa","N166_063/197","41__16",300,1200,-3,1982,"fa",1482,2.37,2.73,50,-0.06,3,3,3,3,"N","eucalyptus","Vig",1
"Puk",2,"South_Wairarapa","N166_063/197","41__16",300,1200,-3,1982,"fa",2548,10.08,6.52,50,2.19,3,4,4,4,"N","eucalyptus","Vig",1
"Puk",2,"South_Wairarapa","N166_063/197","41__16",300,1200,-3,1982,"fr",2552,17.19,12.45,50,0.9,4,4,4,4,"P","eucalyptus","Vig",1
"Puk",2,"South_Wairarapa","N166_063/197","41__16",300,1200,-3,1982,"ka",1171,1.27,1.12,25,0.52,3,0,2,3,"N","eucalyptus","Vig",1
"Puk",2,"South_Wairarapa","N166_063/197","41__16",300,1200,-3,1982,"ka",2631,5.75,4.6,25,1.23,2,3,3,3,"N","eucalyptus","Vig",1
"Puk",2,"South_Wairarapa","N166_063/197","41__16",300,1200,-3,1982,"nd",1595,15.69,8.95,100,4.48,3,4,4,3,"P","eucalyptus","Vig",1
"Puk",2,"South_Wairarapa","N166_063/197","41__16",300,1200,-3,1982,"nd",2569,17.03,10.42,100,5.73,3,4,4,3,"P","eucalyptus","Vig",1
"Puk",2,"South_Wairarapa","N166_063/197","41__16",300,1200,-3,1982,"nd",2634,17.77,10.42,50,4.18,3,2,2,2,"N","eucalyptus","Vig",1
"Puk",2,"South_Wairarapa","N166_063/197","41__16",300,1200,-3,1982,"nd",2635,17.4,10.66,75,3.75,2,4,4,3,"P","eucalyptus","Vig",1
"Puk",2,"South_Wairarapa","N166_063/197","41__16",300,1200,-3,1982,"ob",2570,10.16,7.74,100,2.58,3,4,4,4,"P","eucalyptus","Vig",1
"Puk",2,"South_Wairarapa","N166_063/197","41__16",300,1200,-3,1982,"ov",1788,6.06,4.2,100,-0.37,1.5,2,2,1,"N","eucalyptus","Vig",1
"Puk",2,"South_Wairarapa","N166_063/197","41__16",300,1200,-3,1982,"ov",1259,10.37,5.6,100,2.32,2,2,2,1,"N","eucalyptus","Vig",1
"Puk",2,"South_Wairarapa","N166_063/197","41__16",300,1200,-3,1982,"ov",1785,2.56,2.91,75,-0.94,1,2,2,3,"N","eucalyptus","Vig",1
"Puk",2,"South_Wairarapa","N166_063/197","41__16",300,1200,-3,1982,"ov",2571,8.98,4.08,75,4.48,2,2,2,2,"N","eucalyptus","Vig",1
"Puk",2,"South_Wairarapa","N166_063/197","41__16",300,1200,-3,1982,"pu",2573,7.84,4.29,25,1.63,4,1,2,3,"N","eucalyptus","Vig",1
"Puk",2,"South_Wairarapa","N166_063/197","41__16",300,1200,-3,1982,"re",2550,5.44,4.05,50,0.98,2,3,3,3,"N","eucalyptus","Vig",1
"Puk",2,"South_Wairarapa","N166_063/197","41__16",300,1200,-3,1982,"re",1352,11.93,11,100,2.52,3,4,4,3.5,"P","eucalyptus","Vig",1
"Puk",2,"South_Wairarapa","N166_063/197","41__16",300,1200,-3,1982,"re",2432,12.39,10.77,75,0.96,3,4,4,4,"P","eucalyptus","Vig",1
"Puk",2,"South_Wairarapa","N166_063/197","41__16",300,1200,-3,1982,"re",2553,17.95,13.66,100,7.26,3,4.5,4.5,4,"N","eucalyptus","Vig",1
"Puk",2,"South_Wairarapa","N166_063/197","41__16",300,1200,-3,1982,"re",2574,10.07,12.74,100,2.66,2.5,5,5,5,"P","eucalyptus","Vig",1
"Puk",2,"South_Wairarapa","N166_063/197","41__16",300,1200,-3,1982,"rd",2575,8.56,3.33,75,1.3,3,2,2,2,"N","eucalyptus","Vig",1
"Puk",2,"South_Wairarapa","N166_063/197","41__16",300,1200,-3,1982,"sm",1340,1.56,2.16,50,1.97,2,2,2,3,"N","eucalyptus","Vig",1
"Puk",3,"South_Wairarapa","N166_063/197","41__16",300,1200,-3,1982,"am",1592,20.43,10.39,75,4.11,4,2,3,2,"P","eucalyptus","Vig",1
"Puk",3,"South_Wairarapa","N166_063/197","41__16",300,1200,-3,1982,"am",2560,16.04,8.66,100,1.75,4,4,4,4,"P","eucalyptus","Vig",1
"Puk",3,"South_Wairarapa","N166_063/197","41__16",300,1200,-3,1982,"bxs",1111,11.9,7.2,100,1.92,2,3,3,3,"N","eucalyptus","Vig",1
"Puk",3,"South_Wairarapa","N166_063/197","41__16",300,1200,-3,1982,"br",2620,2.66,2.08,100,2.1,1.5,1,2,3,"N","eucalyptus","Vig",1
"Puk",3,"South_Wairarapa","N166_063/197","41__16",300,1200,-3,1982,"br",2621,5.1,2.66,75,4.72,2,2,2,3,"N","eucalyptus","Vig",1
"Puk",3,"South_Wairarapa","N166_063/197","41__16",300,1200,-3,1982,"el",2638,12.24,5.83,25,2.86,3,3,3,3,"N","eucalyptus","Vig",1
"Puk",3,"South_Wairarapa","N166_063/197","41__16",300,1200,-3,1982,"fa",2426,21.93,9.84,100,5.17,3,3.5,3,2,"P","eucalyptus","Vig",1
"Puk",3,"South_Wairarapa","N166_063/197","41__16",300,1200,-3,1982,"fa",1482,24.16,10.31,75,3.96,3,4,3,2,"P","eucalyptus","Vig",1
"Puk",3,"South_Wairarapa","N166_063/197","41__16",300,1200,-3,1982,"fa",2548,24.77,10.67,100,2.75,3,4,3,2,"P","eucalyptus","Vig",1
"Puk",3,"South_Wairarapa","N166_063/197","41__16",300,1200,-3,1982,"fr",2552,16.83,10.31,75,5.08,3,4,4,3,"N","eucalyptus","Vig",1
"Puk",3,"South_Wairarapa","N166_063/197","41__16",300,1200,-3,1982,"ka",1171,8.4,3.91,100,3.56,2,1,2,1,"N","eucalyptus","Vig",1
"Puk",3,"South_Wairarapa","N166_063/197","41__16",300,1200,-3,1982,"ka",2631,5.75,4.26,75,2.06,3,2,2,2,"N","eucalyptus","Vig",1
"Puk",3,"South_Wairarapa","N166_063/197","41__16",300,1200,-3,1982,"nd",1595,16.54,7.23,100,3.58,2.5,3,4,2,"P","eucalyptus","Vig",1
"Puk",3,"South_Wairarapa","N166_063/197","41__16",300,1200,-3,1982,"nd",2569,13.73,7.6,75,3.04,2,3,3,3,"N","eucalyptus","Vig",1
"Puk",3,"South_Wairarapa","N166_063/197","41__16",300,1200,-3,1982,"nd",2634,16.3,7.84,100,2.05,3,3,3,3,"N","eucalyptus","Vig",1
"Puk",3,"South_Wairarapa","N166_063/197","41__16",300,1200,-3,1982,"nd",2635,13.73,8.58,75,3.47,3,3,3,3,"N","eucalyptus","Vig",1
"Puk",3,"South_Wairarapa","N166_063/197","41__16",300,1200,-3,1982,"ob",2570,16.93,8.1,75,3.62,2,2.5,2.5,2,"N","eucalyptus","Vig",1
"Puk",3,"South_Wairarapa","N166_063/197","41__16",300,1200,-3,1982,"ov",1788,2.68,2.33,75,1.29,1.5,2,2,2,"N","eucalyptus","Vig",1
"Puk",3,"South_Wairarapa","N166_063/197","41__16",300,1200,-3,1982,"ov",1259,11.66,6.18,75,5.6,2,3,3,3,"N","eucalyptus","Vig",1
"Puk",3,"South_Wairarapa","N166_063/197","41__16",300,1200,-3,1982,"ov",1785,3.03,1.75,75,2.24,2,2,2,2,"N","eucalyptus","Vig",1
"Puk",3,"South_Wairarapa","N166_063/197","41__16",300,1200,-3,1982,"ov",2571,6.41,3.26,75,2.13,2,2,2,2,"N","eucalyptus","Vig",1
"Puk",3,"South_Wairarapa","N166_063/197","41__16",300,1200,-3,1982,"pu",2573,10.78,6.62,100,0.77,4,3,3,2,"N","eucalyptus","Vig",1
"Puk",3,"South_Wairarapa","N166_063/197","41__16",300,1200,-3,1982,"re",2550,14.59,8.68,100,1.41,2,4,3,3,"N","eucalyptus","Vig",1
"Puk",3,"South_Wairarapa","N166_063/197","41__16",300,1200,-3,1982,"re",1352,17.95,13.09,75,4.44,3,4,3.5,3,"P","eucalyptus","Vig",1
"Puk",3,"South_Wairarapa","N166_063/197","41__16",300,1200,-3,1982,"re",2432,18.87,14.24,75,4.93,3,5,4,4.5,"N","eucalyptus","Vig",1
"Puk",3,"South_Wairarapa","N166_063/197","41__16",300,1200,-3,1982,"re",2553,17.72,11.93,75,4.32,3,5,4,4,"N","eucalyptus","Vig",1
"Puk",3,"South_Wairarapa","N166_063/197","41__16",300,1200,-3,1982,"re",2574,13.55,9.26,75,4.24,3,4,4,3.5,"P","eucalyptus","Vig",1
"Puk",3,"South_Wairarapa","N166_063/197","41__16",300,1200,-3,1982,"rd",2575,9.63,5.11,50,-0.25,0.5,2,2,2,"N","eucalyptus","Vig",1
"Puk",3,"South_Wairarapa","N166_063/197","41__16",300,1200,-3,1982,"sm",1340,2.63,2.39,50,1.32,1.5,1,2,2,"N","eucalyptus","Vig",1
"Paw",1,"Southern_Hawkes_Bay_(coastal)","N146_273/737","40__00",150,1300,-2,1983,"am",1592,43.29,17.2,20,5.58,4.5,3.7,4,3,"N","eucalyptus","Vig",1
"Paw",1,"Southern_Hawkes_Bay_(coastal)","N146_273/737","40__00",150,1300,-2,1983,"am",2560,24.94,14.33,10,2.69,4,3.5,4,3,"P","eucalyptus","Vig",1
"Paw",1,"Southern_Hawkes_Bay_(coastal)","N146_273/737","40__00",150,1300,-2,1983,"co",2562,29.22,13.58,30,4.72,3.8,3.5,3.9,3.7,"P","eucalyptus","Vig",1
"Paw",1,"Southern_Hawkes_Bay_(coastal)","N146_273/737","40__00",150,1300,-2,1983,"cr",1252,26.59,10.8,40,1.44,3.8,2.6,2.6,2.5,"P","eucalyptus","Vig",1
"Paw",1,"Southern_Hawkes_Bay_(coastal)","N146_273/737","40__00",150,1300,-2,1983,"fa",2548,35.54,13.02,20,2.63,3.5,2.5,2.5,2.3,"P","eucalyptus","Vig",1
"Paw",1,"Southern_Hawkes_Bay_(coastal)","N146_273/737","40__00",150,1300,-2,1983,"fa",1482,38.15,16.85,10,4.66,4,3.3,4,3.5,"N","eucalyptus","Vig",1
"Paw",1,"Southern_Hawkes_Bay_(coastal)","N146_273/737","40__00",150,1300,-2,1983,"fr",2552,33.89,14.24,20,2.4,3.5,3.2,3.8,2.5,"P","eucalyptus","Vig",1
"Paw",1,"Southern_Hawkes_Bay_(coastal)","N146_273/737","40__00",150,1300,-2,1983,"ni",2547,37.49,17.45,40,4.93,2.6,3.6,2.9,2.3,"P","eucalyptus","Vig",1
"Paw",1,"Southern_Hawkes_Bay_(coastal)","N146_273/737","40__00",150,1300,-2,1983,"ni",2568,31.63,13.91,60,4.99,2.6,3.6,3.3,2.8,"P","eucalyptus","Vig",1
"Paw",1,"Southern_Hawkes_Bay_(coastal)","N146_273/737","40__00",150,1300,-2,1983,"nd",1596,20.11,13.55,20,1.2,4,4,4,4,"N","eucalyptus","Vig",1
"Paw",1,"Southern_Hawkes_Bay_(coastal)","N146_273/737","40__00",150,1300,-2,1983,"nd",2569,22.15,14.57,20,3.42,4,3,3.4,3,"P","eucalyptus","Vig",1
"Paw",1,"Southern_Hawkes_Bay_(coastal)","N146_273/737","40__00",150,1300,-2,1983,"nd",2634,40.52,18.95,10,2.38,4.5,3,4,2,"P","eucalyptus","Vig",1
"Paw",1,"Southern_Hawkes_Bay_(coastal)","N146_273/737","40__00",150,1300,-2,1983,"nd",2635,20.4,10.2,10,1.35,4.5,3.3,4,3.5,"P","eucalyptus","Vig",1
"Paw",1,"Southern_Hawkes_Bay_(coastal)","N146_273/737","40__00",150,1300,-2,1983,"ob",2570,24.87,11.66,40,2.6,3.4,3.5,4.1,3.4,"P","eucalyptus","Vig",1
"Paw",1,"Southern_Hawkes_Bay_(coastal)","N146_273/737","40__00",150,1300,-2,1983,"ob",1522,33.16,14.75,40,2.81,3.5,3.6,3.6,2.9,"P","eucalyptus","Vig",1
"Paw",1,"Southern_Hawkes_Bay_(coastal)","N146_273/737","40__00",150,1300,-2,1983,"ov",1788,31.05,15.25,30,2.91,1.8,2.8,3.5,2.9,"N","eucalyptus","Vig",1
"Paw",1,"Southern_Hawkes_Bay_(coastal)","N146_273/737","40__00",150,1300,-2,1983,"ov",2571,31.33,15.67,30,3.59,2.3,3.4,4,3.1,"P","eucalyptus","Vig",1
"Paw",1,"Southern_Hawkes_Bay_(coastal)","N146_273/737","40__00",150,1300,-2,1983,"pu",2573,32.97,14.24,40,4.09,4,3.1,3.3,3,"P","eucalyptus","Vig",1
"Paw",1,"Southern_Hawkes_Bay_(coastal)","N146_273/737","40__00",150,1300,-2,1983,"re",2550,20.25,10.66,30,3.15,3,4,4.2,3.7,"P","eucalyptus","Vig",1
"Paw",1,"Southern_Hawkes_Bay_(coastal)","N146_273/737","40__00",150,1300,-2,1983,"re",2553,27.44,11.32,20,4.37,3,3.3,4,2.9,"N","eucalyptus","Vig",1
"Paw",1,"Southern_Hawkes_Bay_(coastal)","N146_273/737","40__00",150,1300,-2,1983,"rd",2575,19.91,6.77,40,0.68,1.8,2.3,2.5,2.3,"N","eucalyptus","Vig",1
"Paw",2,"Southern_Hawkes_Bay_(coastal)","N146_273/737","40__00",150,1300,-2,1983,"am",1592,34.11,16.48,20,4.02,3.8,3.2,3.9,2.5,"P","eucalyptus","Vig",1
"Paw",2,"Southern_Hawkes_Bay_(coastal)","N146_273/737","40__00",150,1300,-2,1983,"am",2560,35.83,21.5,10,4.03,3.5,4,4.5,3,"N","eucalyptus","Vig",1
"Paw",2,"Southern_Hawkes_Bay_(coastal)","N146_273/737","40__00",150,1300,-2,1983,"co",2562,33.19,14.42,30,3.4,3.7,3.2,3.7,3.2,"P","eucalyptus","Vig",1
"Paw",2,"Southern_Hawkes_Bay_(coastal)","N146_273/737","40__00",150,1300,-2,1983,"cr",1252,27.13,11.88,90,4.65,3.7,2.1,2.1,2,"N","eucalyptus","Vig",1
"Paw",2,"Southern_Hawkes_Bay_(coastal)","N146_273/737","40__00",150,1300,-2,1983,"fa",2548,49.34,16.85,10,4.95,4.5,3.5,3.5,3,"N","eucalyptus","Vig",1
"Paw",2,"Southern_Hawkes_Bay_(coastal)","N146_273/737","40__00",150,1300,-2,1983,"fr",2552,15.52,7.83,10,2.75,4,4,4,4,"N","eucalyptus","Vig",1
"Paw",2,"Southern_Hawkes_Bay_(coastal)","N146_273/737","40__00",150,1300,-2,1983,"ni",2547,46.36,19.09,40,3.67,2.6,3.8,2.9,2.6,"N","eucalyptus","Vig",1
"Paw",2,"Southern_Hawkes_Bay_(coastal)","N146_273/737","40__00",150,1300,-2,1983,"ni",2568,52.76,21,50,5.1,2.7,3.9,3.4,2.6,"N","eucalyptus","Vig",1
"Paw",2,"Southern_Hawkes_Bay_(coastal)","N146_273/737","40__00",150,1300,-2,1983,"nd",1596,42085,17.05,40,3.43,3.9,3.2,3.3,2.4,"N","eucalyptus","Vig",1
"Paw",2,"Southern_Hawkes_Bay_(coastal)","N146_273/737","40__00",150,1300,-2,1983,"nd",2634,39.79,17.49,10,4.21,4,3.3,2.5,1.5,"N","eucalyptus","Vig",1
"Paw",2,"Southern_Hawkes_Bay_(coastal)","N146_273/737","40__00",150,1300,-2,1983,"nd",2635,32.5,14.57,10,1.51,3,3,4,3,"P","eucalyptus","Vig",1
"Paw",2,"Southern_Hawkes_Bay_(coastal)","N146_273/737","40__00",150,1300,-2,1983,"ob",2570,49.88,14.05,10,5.43,4.5,3,4,3,"N","eucalyptus","Vig",1
"Paw",2,"Southern_Hawkes_Bay_(coastal)","N146_273/737","40__00",150,1300,-2,1983,"ob",1522,52.26,15.45,10,3.86,4.5,2.5,2,2.5,"P","eucalyptus","Vig",1
"Paw",2,"Southern_Hawkes_Bay_(coastal)","N146_273/737","40__00",150,1300,-2,1983,"ov",1788,32.86,13.86,30,3.67,2,3.1,3.1,2.3,"P","eucalyptus","Vig",1
"Paw",2,"Southern_Hawkes_Bay_(coastal)","N146_273/737","40__00",150,1300,-2,1983,"ov",2571,39.79,18.02,40,5.95,2.5,3.4,3.8,3.1,"N","eucalyptus","Vig",1
"Paw",2,"Southern_Hawkes_Bay_(coastal)","N146_273/737","40__00",150,1300,-2,1983,"pu",2573,8.72,10.17,10,2.32,4,4,4,4,"N","eucalyptus","Vig",1
"Paw",2,"Southern_Hawkes_Bay_(coastal)","N146_273/737","40__00",150,1300,-2,1983,"re",2550,27.97,14.65,10,2.46,3.5,3.5,3,3,"P","eucalyptus","Vig",1
"Paw",2,"Southern_Hawkes_Bay_(coastal)","N146_273/737","40__00",150,1300,-2,1983,"re",2553,39.69,18.25,30,3.8,3.8,4.2,4.1,3.6,"N","eucalyptus","Vig",1
"Paw",2,"Southern_Hawkes_Bay_(coastal)","N146_273/737","40__00",150,1300,-2,1983,"rd",2575,13.81,10.62,10,0.79,3,2,4,3,"N","eucalyptus","Vig",1
"Paw",3,"Southern_Hawkes_Bay_(coastal)","N146_273/737","40__00",150,1300,-2,1983,"co",2562,38.79,14.56,50,3.56,3.6,3.2,3.5,2.4,"N","eucalyptus","Vig",1
"Paw",3,"Southern_Hawkes_Bay_(coastal)","N146_273/737","40__00",150,1300,-2,1983,"cr",1252,26.05,12.15,10,1.86,3,2.5,3.3,3,"N","eucalyptus","Vig",1
"Paw",3,"Southern_Hawkes_Bay_(coastal)","N146_273/737","40__00",150,1300,-2,1983,"fa",2548,26.51,7.66,10,2.35,3,3,3,3,"N","eucalyptus","Vig",1
"Paw",3,"Southern_Hawkes_Bay_(coastal)","N146_273/737","40__00",150,1300,-2,1983,"fr",2552,14.24,7.12,10,1.17,3,3,4,4,"N","eucalyptus","Vig",1
"Paw",3,"Southern_Hawkes_Bay_(coastal)","N146_273/737","40__00",150,1300,-2,1983,"ni",2547,42.95,13.91,50,3.4,2.8,2,2.5,1.7,"P","eucalyptus","Vig",1
"Paw",3,"Southern_Hawkes_Bay_(coastal)","N146_273/737","40__00",150,1300,-2,1983,"ni",2568,40.08,12.27,50,6.01,2.5,2.3,2.6,1.7,"P","eucalyptus","Vig",1
"Paw",3,"Southern_Hawkes_Bay_(coastal)","N146_273/737","40__00",150,1300,-2,1983,"nd",1596,33.81,10.93,10,3.72,4,3.3,4,2.7,"P","eucalyptus","Vig",1
"Paw",3,"Southern_Hawkes_Bay_(coastal)","N146_273/737","40__00",150,1300,-2,1983,"nd",2569,31.33,10.2,10,4,4,3,4,3,"N","eucalyptus","Vig",1
"Paw",3,"Southern_Hawkes_Bay_(coastal)","N146_273/737","40__00",150,1300,-2,1983,"nd",2634,40.22,18.22,10,3.52,4.5,3,3.5,2,"P","eucalyptus","Vig",1
"Paw",3,"Southern_Hawkes_Bay_(coastal)","N146_273/737","40__00",150,1300,-2,1983,"nd",2635,30.75,14.57,20,2.01,4,3.5,4,2.9,"P","eucalyptus","Vig",1
"Paw",3,"Southern_Hawkes_Bay_(coastal)","N146_273/737","40__00",150,1300,-2,1983,"ob",2570,35.4,14.05,10,2.42,3,3.3,3.5,3,"N","eucalyptus","Vig",1
"Paw",3,"Southern_Hawkes_Bay_(coastal)","N146_273/737","40__00",150,1300,-2,1983,"ob",1522,42.43,13.35,40,3.95,3.4,3,3.5,2.1,"N","eucalyptus","Vig",1
"Paw",3,"Southern_Hawkes_Bay_(coastal)","N146_273/737","40__00",150,1300,-2,1983,"ov",1788,17.33,8.32,40,1.06,2.1,2.5,3,2.8,"N","eucalyptus","Vig",1
"Paw",3,"Southern_Hawkes_Bay_(coastal)","N146_273/737","40__00",150,1300,-2,1983,"ov",2571,41.87,15.25,30,3.49,2.8,2.6,3.3,2.2,"P","eucalyptus","Vig",1
"Paw",3,"Southern_Hawkes_Bay_(coastal)","N146_273/737","40__00",150,1300,-2,1983,"re",2550,9.99,5.33,10,2.67,2.5,3,3,3,"N","eucalyptus","Vig",1
"K81a",1,"Central_Wairarapa","N158_344/626","40__57",180,1080,-3,1981,"bxs",1111,2.84,3.41,3,1.19,2,3,3,3,"N","eucalyptus","Vig",1
"K81a",1,"Central_Wairarapa","N158_344/626","40__57",180,1080,-3,1981,"co",2562,7.99,5.49,17,1.97,3,2.5,3.3,3,"N","eucalyptus","Vig",1
"K81a",1,"Central_Wairarapa","N158_344/626","40__57",180,1080,-3,1981,"fa",2426,8.3,5.93,4,5.07,3.5,3,3,3,"N","eucalyptus","Vig",1
"K81a",1,"Central_Wairarapa","N158_344/626","40__57",180,1080,-3,1981,"fa",2548,15.58,8.06,27,1.67,3.5,3,2.5,3,"N","eucalyptus","Vig",1
"K81a",1,"Central_Wairarapa","N158_344/626","40__57",180,1080,-3,1981,"nd",1596,4.56,3.58,13,1.98,3,2,3,3,"N","eucalyptus","Vig",1
"K81a",1,"Central_Wairarapa","N158_344/626","40__57",180,1080,-3,1981,"nd",2634,5.43,4.44,9,-0.17,2,2,3,3,"N","eucalyptus","Vig",1
"K81a",1,"Central_Wairarapa","N158_344/626","40__57",180,1080,-3,1981,"ov",1788,13.07,8.12,14,1.17,1.5,2,3,3,"N","eucalyptus","Vig",1
"K81a",1,"Central_Wairarapa","N158_344/626","40__57",180,1080,-3,1981,"ov",2571,23.55,14.36,37,3.44,2,3,3.5,2,"N","eucalyptus","Vig",1
"K81a",1,"Central_Wairarapa","N158_344/626","40__57",180,1080,-3,1981,"ov",2622,16.25,9.77,85,5.04,2,2.5,4,2.5,"N","eucalyptus","Vig",1
"K81a",1,"Central_Wairarapa","N158_344/626","40__57",180,1080,-3,1981,"re",2431,17.08,10.25,7,2.72,3,3,3.5,3,"N","eucalyptus","Vig",1
"K81a",1,"Central_Wairarapa","N158_344/626","40__57",180,1080,-3,1981,"re",2553,14.69,9.68,21,2.97,3,3.3,3.5,3.3,"N","eucalyptus","Vig",1
"K81a",1,"Central_Wairarapa","N158_344/626","40__57",180,1080,-3,1981,"re",2574,11.62,7.4,33,2.56,3,3.5,3.5,3.3,"N","eucalyptus","Vig",1
"K81a",1,"Central_Wairarapa","N158_344/626","40__57",180,1080,-3,1981,"rd",2575,9.48,6.16,50,0.54,1.8,2.5,3,2.5,"N","eucalyptus","Vig",1
"K81a",1,"Central_Wairarapa","N158_344/626","40__57",180,1080,-3,1981,"ov",1785,10.24,6.95,46,1.44,2,3,4,3,"N","eucalyptus","Vig",1
"K81a",3,"Central_Wairarapa","N158_344/626","40__57",180,1080,-3,1981,"am",1592,14.22,11.45,35,2.57,3,3,4,3,"P","eucalyptus","Vig",1
"K81a",3,"Central_Wairarapa","N158_344/626","40__57",180,1080,-3,1981,"am",2560,9.16,7.23,17,4.43,4,3,4,4,"N","eucalyptus","Vig",1
"K81a",3,"Central_Wairarapa","N158_344/626","40__57",180,1080,-3,1981,"bxs",1111,6.92,4.54,48,2.51,3,2.5,2,2,"N","eucalyptus","Vig",1
"K81a",3,"Central_Wairarapa","N158_344/626","40__57",180,1080,-3,1981,"co",2562,8.83,8.6,63,3.21,3.5,3.5,3.5,3,"N","eucalyptus","Vig",1
"K81a",3,"Central_Wairarapa","N158_344/626","40__57",180,1080,-3,1981,"fa",2426,17.42,9.01,45,7.01,4.5,3,2,1.5,"N","eucalyptus","Vig",1
"K81a",3,"Central_Wairarapa","N158_344/626","40__57",180,1080,-3,1981,"fa",2548,13.04,9.36,55,3.3,4,3,2.5,2,"P","eucalyptus","Vig",1
"K81a",3,"Central_Wairarapa","N158_344/626","40__57",180,1080,-3,1981,"nd",1596,17.27,9.01,48,2.9,3,3.3,4,3,"N","eucalyptus","Vig",1
"K81a",3,"Central_Wairarapa","N158_344/626","40__57",180,1080,-3,1981,"nd",2634,11.84,9.13,18,2.9,3.5,2.5,3.5,3,"N","eucalyptus","Vig",1
"K81a",3,"Central_Wairarapa","N158_344/626","40__57",180,1080,-3,1981,"ov",1788,9.54,6.83,13,3.62,1.8,2.5,4,3,"N","eucalyptus","Vig",1
"K81a",3,"Central_Wairarapa","N158_344/626","40__57",180,1080,-3,1981,"ov",1785,7.89,5.65,45,1.24,2,3,3.3,2.5,"N","eucalyptus","Vig",1
"K81a",3,"Central_Wairarapa","N158_344/626","40__57",180,1080,-3,1981,"ov",2571,12.72,10.6,37,4.45,2,3.5,4.5,4.3,"N","eucalyptus","Vig",1
"K81a",3,"Central_Wairarapa","N158_344/626","40__57",180,1080,-3,1981,"ov",2622,11.07,8.95,70,4.22,2,2.5,4,3,"P","eucalyptus","Vig",1
"K81a",3,"Central_Wairarapa","N158_344/626","40__57",180,1080,-3,1981,"re",2431,10.25,10.02,36,4.75,3,4,4.5,3.5,"N","eucalyptus","Vig",1
"K81a",3,"Central_Wairarapa","N158_344/626","40__57",180,1080,-3,1981,"re",2432,14.46,11.73,60,4.94,4,3.5,3.5,2.5,"N","eucalyptus","Vig",1
"K81a",3,"Central_Wairarapa","N158_344/626","40__57",180,1080,-3,1981,"re",2550,15.37,10.82,13,2.79,2.7,3.5,3.5,3,"N","eucalyptus","Vig",1
"K81a",3,"Central_Wairarapa","N158_344/626","40__57",180,1080,-3,1981,"re",2553,11.96,9.91,33,4.94,4,4,4,4,"P","eucalyptus","Vig",1
"K81a",3,"Central_Wairarapa","N158_344/626","40__57",180,1080,-3,1981,"re",2574,12.41,9.68,67,2.61,4,3.5,4,3,"P","eucalyptus","Vig",1
"K81a",3,"Central_Wairarapa","N158_344/626","40__57",180,1080,-3,1981,"rd",2575,7.94,6.16,51,0.97,2,2.5,4.5,4,"N","eucalyptus","Vig",1
"K81a",3,"Central_Wairarapa","N158_344/626","40__57",180,1080,-3,1981,"br",2621,5.98,4.03,43,2.59,2,3.3,4,3.5,"N","eucalyptus","Vig",1
"WSh",1,"Southern_Hawkes_Bay","N151_922/226","40__36",100,1250,-2,1983,"fa",2548,41.63,12.64,28,5.37,3.2,2.3,1.9,1.7,"N","eucalyptus","Vig",1
"WSh",1,"Southern_Hawkes_Bay","N151_922/226","40__36",100,1250,-2,1983,"fr",2552,33.35,10.61,33,4.41,4,2.8,3,1.5,"P","eucalyptus","Vig",1
"WSh",1,"Southern_Hawkes_Bay","N151_922/226","40__36",100,1250,-2,1983,"ni",2568,28.21,9.47,94,3.58,3,2,1.8,1.2,"P","eucalyptus","Vig",1
"WSh",1,"Southern_Hawkes_Bay","N151_922/226","40__36",100,1250,-2,1983,"ob",1522,27.36,11.49,67,3.95,3.3,3.4,3.4,3,"P","eucalyptus","Vig",1
